date,corridor,volume_usd,fx_rate,net_revenue_0.015,net_revenue_0.02,net_revenue_0.025
2025-01-01,USD/INR,995964.1709945708,83.09934283060224,14939.462564918562,19919.283419891417,24899.104274864272
2025-01-02,USD/INR,1003931.7595158045,82.97234713976576,15058.976392737066,20078.63519031609,25098.293987895115
2025-01-03,USD/INR,900089.9657733946,83.12953770762014,13501.349486600919,18001.79931546789,22502.249144334866
2025-01-04,USD/INR,1045816.383735124,83.3046059712816,15687.24575602686,20916.32767470248,26145.409593378103
2025-01-05,USD/INR,1017324.4237948996,82.95316932505533,15259.866356923494,20346.488475897993,25433.11059487249
2025-01-06,USD/INR,1049900.5054929827,82.95317260861016,15748.507582394739,20998.010109859653,26247.51263732457
2025-01-07,USD/INR,855187.2310903155,83.31584256310148,12827.808466354732,17103.74462180631,21379.68077725789
2025-01-08,USD/INR,1104418.7352390364,83.15348694583058,16566.281028585545,22088.374704780726,27610.46838097591
2025-01-09,USD/INR,993020.5185922413,82.906105122813,14895.30777888362,19860.410371844828,24825.512964806036
2025-01-10,USD/INR,1055409.140836876,83.1085120087172,15831.137112553137,21108.182816737517,26385.228520921897
2025-01-11,USD/INR,948004.7036437235,82.9073164614375,14220.070554655853,18960.09407287447,23700.11759109309
2025-01-12,USD/INR,1030638.6952531285,82.90685404928595,15459.580428796928,20612.77390506257,25765.967381328213
2025-01-13,USD/INR,947329.2218413171,83.0483924543132,14209.938327619757,18946.584436826342,23683.23054603293
2025-01-14,USD/INR,968811.5519652098,82.61734395106843,14532.173279478146,19376.231039304195,24220.288799130245
2025-01-15,USD/INR,1095701.5676933392,82.6550164334974,16435.523515400087,21914.031353866783,27392.539192333483
2025-01-16,USD/INR,990465.8799618327,82.8875424941518,14856.98819942749,19809.317599236652,24761.646999045817
2025-01-17,USD/INR,1010871.6436589862,82.79743377593311,15163.074654884793,20217.432873179725,25271.791091474657
2025-01-18,USD/INR,1043503.3865344378,83.06284946651905,15652.550798016566,20870.067730688756,26087.584663360947
2025-01-19,USD/INR,1024784.0943986302,82.81839518489576,15371.761415979452,20495.681887972605,25619.602359965756
2025-01-20,USD/INR,1007520.9452571789,82.71753925973294,15112.814178857683,20150.41890514358,25188.023631429474
2025-01-21,USD/INR,1018248.0501233112,83.29312975378431,15273.720751849667,20364.961002466225,25456.20125308278
2025-01-22,USD/INR,1120170.7792619138,82.9548447399027,16802.56168892871,22403.41558523828,28004.269481547846
2025-01-23,USD/INR,997119.0601483207,83.01350564093758,14956.78590222481,19942.381202966415,24927.97650370802
2025-01-24,USD/INR,1010054.9523357484,82.71505036275731,15150.824285036224,20201.099046714968,25251.37380839371
2025-01-25,USD/INR,1052532.7198003805,82.89112345509497,15787.990797005707,21050.654396007612,26313.317995009515
2025-01-26,USD/INR,1055276.296647899,83.02218451794198,15829.144449718486,21105.525932957982,26381.90741619748
2025-01-27,USD/INR,1059351.515278019,82.76980128451554,15890.272729170285,21187.03030556038,26483.787881950477
2025-01-28,USD/INR,1031936.5111014593,83.07513960366913,15479.047666521888,20638.730222029186,25798.412777536483
2025-01-29,USD/INR,942849.7543634758,82.87987226201624,14142.746315452137,18856.995087269515,23571.2438590869
2025-01-30,USD/INR,1081671.5766150549,82.94166125004135,16225.073649225822,21633.431532301096,27041.789415376374
2025-01-31,USD/INR,942682.7303490656,82.87965867755412,14140.240955235984,18853.654606981312,23567.068258726642
2025-02-01,USD/INR,1015131.7732619516,83.37045563690178,15226.976598929274,20302.635465239033,25378.294331548794
2025-02-02,USD/INR,962286.2074990321,82.99730055505242,14434.293112485482,19245.724149980644,24057.155187475804
2025-02-03,USD/INR,996793.0826703503,82.78845781420883,14951.896240055254,19935.861653407006,24919.82706675876
2025-02-04,USD/INR,1016438.120515174,83.16450898242064,15246.571807727609,20328.76241030348,25410.953012879352
2025-02-05,USD/INR,1016067.8607725137,82.7558312700058,15241.017911587704,20321.357215450273,25401.69651931284
2025-02-06,USD/INR,1021096.0377117642,83.04177271900095,15316.440565676463,20421.920754235285,25527.400942794106
2025-02-07,USD/INR,1080685.5634529323,82.60806597522405,16210.283451793985,21613.711269058647,27017.13908632331
2025-02-08,USD/INR,1022676.715075699,82.73436279022032,15340.150726135485,20453.53430151398,25566.917876892476
2025-02-09,USD/INR,987792.1682354675,83.03937224717383,14816.882523532013,19755.84336470935,24694.80420588669
2025-02-10,USD/INR,1048204.3584144178,83.14769331599908,15723.065376216267,20964.087168288355,26205.10896036045
2025-02-11,USD/INR,1059473.524446232,83.034273656238,15892.10286669348,21189.470488924642,26486.8381111558
2025-02-12,USD/INR,938619.6092431503,82.97687034352235,14079.294138647254,18772.39218486301,23465.49023107876
2025-02-13,USD/INR,1029870.003492493,82.93977926088215,15448.050052387394,20597.40006984986,25746.750087312324
2025-02-14,USD/INR,1035058.6371155449,82.70429560192652,15525.879556733173,20701.172742310897,25876.465927888625
2025-02-15,USD/INR,985121.8248320004,82.85603115832106,14776.827372480006,19702.43649664001,24628.04562080001
2025-02-16,USD/INR,1068785.340665581,82.90787224580804,16031.780109983714,21375.70681331162,26719.633516639526
2025-02-17,USD/INR,992497.2206483737,83.21142444524378,14887.458309725605,19849.944412967474,24812.430516209344
2025-02-18,USD/INR,1006278.8226735771,83.0687236579137,15094.182340103656,20125.57645347154,25156.97056683943
2025-02-19,USD/INR,991346.4087858065,82.64739196892745,14870.196131787097,19826.92817571613,24783.660219645164
2025-02-20,USD/INR,1000778.9523790734,83.06481679387896,15011.6842856861,20015.57904758147,25019.473809476836
2025-02-21,USD/INR,945186.2456552399,82.92298354391674,14177.793684828599,18903.724913104797,23629.656141380998
2025-02-22,USD/INR,927997.4558702853,82.8646155999388,13919.961838054278,18559.949117405708,23199.936396757133
2025-02-23,USD/INR,1079725.2531612485,83.12233525776817,16195.878797418727,21594.50506322497,26993.131329031214
2025-02-24,USD/INR,957651.9325840836,83.20619990449919,14364.778988761254,19153.038651681672,23941.298314602092
2025-02-25,USD/INR,950430.3825271847,83.18625602382323,14256.455737907769,19008.607650543694,23760.759563179618
2025-02-26,USD/INR,892330.4943198143,82.83215649535548,13384.957414797213,17846.609886396287,22308.262357995358
2025-02-27,USD/INR,968051.9126155248,82.93815752482976,14520.778689232871,19361.038252310496,24201.297815388123
2025-02-28,USD/INR,933845.5103296251,83.06625268628072,14007.682654944376,18676.910206592504,23346.137758240628
2025-03-01,USD/INR,1082100.7580068184,83.19510902542447,16231.511370102275,21642.01516013637,27052.51895017046
2025-03-02,USD/INR,1050490.8544671317,82.90416515243095,15757.362817006975,21009.817089342632,26262.271361678293
2025-03-03,USD/INR,965592.4827411138,82.96286820466723,14483.887241116705,19311.849654822276,24139.812068527845
2025-03-04,USD/INR,1112621.7902672153,82.77873300519879,16689.326854008228,22252.435805344307,27815.544756680385
2025-03-05,USD/INR,1049088.2743495798,82.76075867518387,15736.324115243697,20981.765486991597,26227.206858739497
2025-03-06,USD/INR,983758.4308245688,83.16250516447884,14756.376462368533,19675.168616491377,24593.960770614223
2025-03-07,USD/INR,875029.7142563213,83.27124800571417,13125.44571384482,17500.594285126426,21875.742856408033
2025-03-08,USD/INR,1114547.128629537,82.98559797568393,16718.206929443055,22290.942572590742,27863.67821573843
2025-03-09,USD/INR,930521.3766618202,83.20070657957841,13957.820649927302,18610.427533236405,23263.034416545506
2025-03-10,USD/INR,917730.0626521554,83.07232720500953,13765.950939782331,18354.601253043107,22943.251566303887
2025-03-11,USD/INR,1051128.521600482,82.87097604907898,15766.92782400723,21022.57043200964,26278.21304001205
2025-03-12,USD/INR,1121987.6203169636,83.07227912110169,16829.814304754454,22439.752406339274,28049.690507924093
2025-03-13,USD/INR,1069213.640925526,83.30760731329319,16038.204613882888,21384.27281851052,26730.34102313815
2025-03-14,USD/INR,1028195.456002618,82.99283479217802,15422.93184003927,20563.909120052358,25704.88640006545
2025-03-15,USD/INR,1029737.7170832643,83.3129287311628,15446.065756248963,20594.754341665284,25743.442927081607
2025-03-16,USD/INR,1042670.7779390154,82.47605097918205,15640.061669085231,20853.415558780307,26066.76944847539
2025-03-17,USD/INR,1037946.4294893383,83.16438050087504,15569.196442340073,20758.928589786767,25948.66073723346
2025-03-18,USD/INR,1014059.5711984688,83.01740941364764,15210.893567977031,20281.191423969376,25351.489279961723
2025-03-19,USD/INR,1005210.0551975938,82.94019852990682,15078.150827963906,20104.201103951877,25130.251379939844
2025-03-20,USD/INR,996870.3436050239,83.0183521553071,14953.055154075359,19937.40687210048,24921.7585901256
2025-03-21,USD/INR,962301.7705566662,82.60248621707981,14434.526558349993,19246.035411133325,24057.544263916658
2025-03-22,USD/INR,985966.2461566613,82.9560656224325,14789.493692349919,19719.324923133227,24649.156153916534
2025-03-23,USD/INR,915352.1592902307,83.07142251430236,13730.28238935346,18307.043185804614,22883.80398225577
2025-03-24,USD/INR,995083.0186602625,83.2955788089483,14926.245279903937,19901.66037320525,24877.07546650656
2025-03-25,USD/INR,950570.4446424542,82.89634595634527,14258.556669636811,19011.408892849082,23764.261116061356
2025-03-26,USD/INR,944820.5341392114,82.83830127942136,14172.308012088171,18896.41068278423,23620.513353480288
2025-03-27,USD/INR,1008994.7075576739,82.8996485912831,15134.920613365108,20179.89415115348,25224.86768894185
2025-03-28,USD/INR,1069600.11431723,83.18308042354042,16044.00171475845,21392.0022863446,26740.00285793075
2025-03-29,USD/INR,1045915.8303001156,83.06575022193194,15688.737454501734,20918.316606002314,26147.89575750289
2025-03-30,USD/INR,921474.9698188412,82.89404795924659,13822.124547282618,18429.499396376825,23036.87424547103
2025-03-31,USD/INR,950518.5931714831,83.10265348662267,14257.778897572247,19010.371863429664,23762.96482928708
2025-04-01,USD/INR,1047038.5593994108,83.0194155098696,15705.578390991162,20940.77118798822,26175.963984985272
2025-04-02,USD/INR,950875.6303230845,83.19372899810658,14263.134454846268,19017.512606461692,23771.890758077116
2025-04-03,USD/INR,988768.3425001488,82.85958938122452,14831.52513750223,19775.366850002978,24719.20856250372
2025-04-04,USD/INR,1027502.6049512275,82.93446757068044,15412.539074268412,20550.052099024553,25687.56512378069
2025-04-05,USD/INR,951582.7772568183,82.92157836937356,14273.741658852274,19031.655545136364,23789.56943142046
2025-04-06,USD/INR,1005268.7753072979,82.70729701037358,15079.031629609468,20105.37550614596,25131.71938268245
2025-04-07,USD/INR,933298.7252540898,83.05922405541291,13999.480878811346,18665.9745050818,23332.468131352245
2025-04-08,USD/INR,969931.6178024393,83.05221105443597,14548.974267036589,19398.632356048787,24248.290445060982
2025-04-09,USD/INR,1015989.0967071268,83.00102269132849,15239.836450606901,20319.78193414254,25399.727417678172
2025-04-10,USD/INR,920350.3133234165,82.95308257332498,13805.254699851248,18407.006266468332,23008.757833085416
2025-04-11,USD/INR,1022023.7368980199,82.71692585158992,15330.356053470297,20440.474737960398,25550.5934224505
2025-04-12,USD/INR,999018.1100536659,82.91587093544693,14985.271650804989,19980.36220107332,24975.45275134165
2025-04-13,USD/INR,1027624.4977208574,82.93145709669464,15414.36746581286,20552.48995441715,25690.612443021437
2025-04-14,USD/INR,1011195.7067032331,82.83954454615568,15167.935600548495,20223.91413406466,25279.89266758083
2025-04-15,USD/INR,1068207.0214986922,82.96774285766679,16023.105322480384,21364.140429973846,26705.17553746731
2025-04-16,USD/INR,1006261.2251323954,83.08081017136291,15093.91837698593,20125.224502647907,25156.530628309887
2025-04-17,USD/INR,978529.7229437374,83.3772371802421,14677.94584415606,19570.594458874748,24463.243073593436
2025-04-18,USD/INR,1006114.8751516142,83.03491556256637,15091.723127274212,20122.297503032285,25152.871878790356
2025-04-19,USD/INR,1027164.9014518193,83.05151007814456,15407.47352177729,20543.29802903639,25679.122536295486
2025-04-20,USD/INR,1002443.0035162852,82.98511081684677,15036.645052744278,20048.860070325703,25061.07508790713
2025-04-21,USD/INR,1002029.5845601942,82.61624575694019,15030.443768402913,20040.591691203885,25050.739614004855
2025-04-22,USD/INR,964900.4156096622,82.99469722491015,14473.506234144932,19298.008312193244,24122.510390241558
2025-04-23,USD/INR,966854.9541224525,83.0120460419882,14502.824311836788,19337.09908244905,24171.373853061315
2025-04-24,USD/INR,929869.7364100153,83.49264842249706,13948.046046150228,18597.394728200306,23246.743410250383
2025-04-25,USD/INR,1087478.837159347,82.96152780704378,16312.182557390204,21749.576743186943,27186.970928983676
2025-04-26,USD/INR,937806.8382304357,83.06030946846673,14067.102573456536,18756.136764608716,23445.170955760896
2025-04-27,USD/INR,965354.7401102047,82.99305764605896,14480.32110165307,19307.094802204094,24133.86850275512
2025-04-28,USD/INR,964079.6367215401,82.76626439247609,14461.194550823102,19281.592734430804,24101.990918038504
2025-04-29,USD/INR,1044746.218847222,83.228564562903,15671.19328270833,20894.92437694444,26118.65547118055
2025-04-30,USD/INR,985252.5160853986,83.15038660653735,14778.78774128098,19705.05032170797,24631.312902134967
2025-05-01,USD/INR,1062387.1036336867,83.1582063894086,15935.8065545053,21247.742072673733,26559.67759084217
2025-05-02,USD/INR,966325.4687878066,82.81812250904105,14494.882031817098,19326.509375756134,24158.136719695165
2025-05-03,USD/INR,1013949.7081111901,83.28055886218722,15209.245621667851,20278.994162223804,25348.742702779753
2025-05-04,USD/INR,958232.6473370121,82.71962978744155,14373.48971005518,19164.652946740243,23955.816183425304
2025-05-05,USD/INR,1107257.4563886693,83.11737141876006,16608.86184583004,22145.149127773388,27681.436409716734
2025-05-06,USD/INR,940620.0790485244,83.43809112516199,14109.301185727865,18812.401580970487,23515.501976213112
2025-05-07,USD/INR,1015491.0355113514,82.80189273497386,15232.36553267027,20309.820710227028,25387.275887783788
2025-05-08,USD/INR,1031688.8440466049,82.88674045407944,15475.332660699074,20633.7768809321,25792.221101165123
2025-05-09,USD/INR,1020689.9548725749,83.01993027301752,15310.349323088623,20413.799097451498,25517.248871814372
2025-05-10,USD/INR,990735.6170561146,82.89930486917676,14861.034255841718,19814.712341122293,24768.390426402868
2025-05-11,USD/INR,993508.9650133287,82.68986731378678,14902.63447519993,19870.179300266576,24837.724125333218
2025-05-12,USD/INR,1002190.5735989555,83.0137125949612,15032.858603984332,20043.811471979112,25054.764339973888
2025-05-13,USD/INR,992649.8999185755,82.78753925725478,14889.748498778632,19852.997998371513,24816.24749796439
2025-05-14,USD/INR,1048193.9558397455,83.09471848612704,15722.909337596182,20963.87911679491,26204.848895993637
2025-05-15,USD/INR,1110526.1500795675,82.81611515315323,16657.892251193512,22210.52300159135,27763.153751989186
2025-05-16,USD/INR,972125.4107496083,83.30998688100351,14581.881161244124,19442.508214992165,24303.13526874021
2025-05-17,USD/INR,931509.851021046,82.84334934153276,13972.64776531569,18630.19702042092,23287.74627552615
2025-05-18,USD/INR,995585.8975824373,82.93558769675886,14933.788463736559,19911.717951648745,24889.647439560933
2025-05-19,USD/INR,1128985.466882716,83.16270344347393,16934.78200324074,22579.70933765432,28224.6366720679
2025-05-20,USD/INR,959816.2716015135,82.75382713671321,14397.244074022701,19196.32543203027,23995.40679003784
2025-05-21,USD/INR,1081955.8402722033,83.04549198692082,16229.33760408305,21639.116805444068,27048.896006805084
2025-05-22,USD/INR,1083885.040703822,83.26142855085648,16258.275610557328,21677.700814076437,27097.12601759555
2025-05-23,USD/INR,972320.5879146003,82.67850335308775,14584.808818719004,19446.411758292004,24308.01469786501
2025-05-24,USD/INR,1028449.1539592638,83.03692677170646,15426.737309388956,20568.983079185276,25711.2288489816
2025-05-25,USD/INR,1081419.8311564268,83.05197655884969,16221.297467346401,21628.396623128538,27035.49577891067
2025-05-26,USD/INR,981043.6129506256,83.15636457435546,14715.654194259383,19620.87225901251,24526.090323765642
2025-05-27,USD/INR,989820.9819948819,82.75260985782438,14847.314729923228,19796.41963989764,24745.524549872047
2025-05-28,USD/INR,970915.9543025678,82.73590867738315,14563.739314538516,19418.319086051357,24272.898857564196
2025-05-29,USD/INR,949262.1634653567,83.10438831312338,14238.93245198035,18985.243269307135,23731.554086633918
2025-05-30,USD/INR,967536.1227466996,83.05939693464664,14513.041841200493,19350.72245493399,24188.403068667492
2025-05-31,USD/INR,938802.9866618871,83.05009857006918,14082.044799928306,18776.059733237744,23470.07466654718
2025-06-01,USD/INR,1001704.1734129613,83.06928964189939,15025.562601194419,20034.083468259225,25042.604335324035
2025-06-02,USD/INR,961501.3384470679,82.8639950556843,14422.520076706018,19230.02676894136,24037.5334611767
2025-06-03,USD/INR,1011689.2955895374,83.0464507394322,15175.339433843059,20233.785911790746,25292.232389738434
2025-06-04,USD/INR,922205.2176898186,83.05861449465974,13833.078265347278,18444.10435379637,23055.130442245467
2025-06-05,USD/INR,1016544.0116107229,82.85712971639472,15248.160174160843,20330.88023221446,25413.600290268074
2025-06-06,USD/INR,1041676.4480804462,83.37315490222895,15625.146721206693,20833.528961608925,26041.911202011157
2025-06-07,USD/INR,900313.2178714272,83.09476658418235,13504.698268071408,18006.264357428543,22507.83044678568
2025-06-08,USD/INR,1018702.8284923786,82.76173930055947,15280.542427385679,20374.056569847573,25467.570712309465
2025-06-09,USD/INR,1061383.4496236646,83.13131072172676,15920.751744354968,21227.668992473293,26534.586240591616
2025-06-10,USD/INR,939517.9490654398,82.80506366595453,14092.769235981596,18790.358981308797,23487.948726635994
2025-06-11,USD/INR,1083628.6193418852,83.15741692074849,16254.429290128277,21672.572386837706,27090.71548354713
2025-06-12,USD/INR,1020950.9504683022,83.23171911580148,15314.264257024533,20419.019009366046,25523.773761707558
2025-06-13,USD/INR,964749.4072120795,82.83586353632965,14471.241108181192,19294.98814424159,24118.73518030199
2025-06-14,USD/INR,997211.5461171147,83.19267522584886,14958.17319175672,19944.230922342296,24930.28865292787
2025-06-15,USD/INR,1027916.3456260861,83.0825561853873,15418.745184391291,20558.326912521723,25697.908640652153
2025-06-16,USD/INR,1003800.2695706206,83.16441203199889,15057.00404355931,20076.00539141241,25095.00673926552
2025-06-17,USD/INR,1026937.7996223185,83.37935859653079,15404.066994334777,20538.75599244637,25673.444990557964
2025-06-18,USD/INR,953966.3203460317,82.95092237679943,14309.494805190474,19079.326406920634,23849.158008650793
2025-06-19,USD/INR,1008468.041201804,82.8492527671285,15127.020618027058,20169.36082403608,25211.7010300451
2025-06-20,USD/INR,929314.275154751,82.8220971140749,13939.714127321266,18586.28550309502,23232.856878868777
2025-06-21,USD/INR,994438.696932565,82.83683794300691,14916.580453988474,19888.7739386513,24860.967423314127
2025-06-22,USD/INR,954804.6179267605,82.98457965811718,14322.069268901407,19096.09235853521,23870.115448169014
2025-06-23,USD/INR,963223.5028705117,83.06823039496332,14448.352543057676,19264.470057410235,24080.587571762793
2025-06-24,USD/INR,1061804.6587605218,83.055338159866,15927.069881407826,21236.093175210437,26545.116469013046
2025-06-25,USD/INR,1054565.5060297134,83.1654366498072,15818.482590445701,21091.31012059427,26364.137650742836
2025-06-26,USD/INR,1030456.9060453589,83.00260037837558,15456.853590680383,20609.138120907177,25761.422651133973
2025-06-27,USD/INR,945384.3617663711,83.29070681543146,14180.765426495565,18907.687235327423,23634.60904415928
2025-06-28,USD/INR,984179.5775152599,82.94706863335242,14762.693662728898,19683.5915503052,24604.489437881497
2025-06-29,USD/INR,1060654.8849989593,83.54403383331793,15909.823274984388,21213.097699979186,26516.372124973983
2025-06-30,USD/INR,1007085.8456819953,83.125133469553,15106.287685229929,20141.716913639906,25177.14614204988
2025-07-01,USD/INR,1115966.4769990847,82.82856848871674,16739.49715498627,22319.329539981696,27899.161924977117
2025-07-02,USD/INR,1019665.8919697186,82.78582150038778,15294.988379545779,20393.317839394374,25491.647299242966
2025-07-03,USD/INR,1009602.4558245016,83.09649448304863,15144.036837367523,20192.04911649003,25240.06139561254
2025-07-04,USD/INR,984544.1767898749,82.95530744293482,14768.162651848123,19690.8835357975,24613.604419746873
2025-07-05,USD/INR,1006677.0452391141,83.14280009881841,15100.15567858671,20133.540904782283,25166.926130977852
2025-07-06,USD/INR,992376.5081809728,83.0946475249147,14885.64762271459,19847.530163619456,24809.412704524322
2025-07-07,USD/INR,1035405.4338344295,82.98543421746862,15531.081507516441,20708.10867668859,25885.13584586074
2025-07-08,USD/INR,1047835.1158397292,82.83064125638631,15717.526737595937,20956.702316794584,26195.87789599323
2025-07-09,USD/INR,960700.5269746025,82.69703055506282,14410.507904619037,19214.01053949205,24017.513174365064
2025-07-10,USD/INR,933438.3523221111,82.9106970095866,14001.575284831666,18668.767046442223,23335.95880805278
2025-07-11,USD/INR,908189.7313448351,83.1712797588647,13622.845970172526,18163.794626896703,22704.74328362088
2025-07-12,USD/INR,1025399.5663456272,83.04281874882604,15380.993495184408,20507.991326912543,25634.98915864068
2025-07-13,USD/INR,944831.6696913063,82.7508522442576,14172.475045369594,18896.633393826127,23620.791742282658
2025-07-14,USD/INR,892355.4703523759,83.03463618517024,13385.332055285638,17847.10940704752,22308.8867588094
2025-07-15,USD/INR,1019428.9302265482,83.07706347594576,15291.433953398222,20388.578604530965,25485.723255663706
2025-07-16,USD/INR,1124649.9758716396,82.82322851275977,16869.749638074594,22492.999517432792,28116.24939679099
2025-07-17,USD/INR,999696.4544230053,83.0307450211891,14995.44681634508,19993.929088460107,24992.411360575134
2025-07-18,USD/INR,1041924.538722582,83.0116417436892,15628.86808083873,20838.490774451642,26048.113468064552
2025-07-19,USD/INR,1004091.4679273783,82.77140594043388,15061.372018910673,20081.829358547566,25102.286698184456
2025-07-20,USD/INR,995055.5173404429,83.07155747206966,14925.832760106643,19901.11034680886,24876.387933511072
2025-07-21,USD/INR,1045953.8241493885,83.11215690527365,15689.307362240826,20919.07648298777,26148.845603734713
2025-07-22,USD/INR,985486.2727905675,83.21661024863505,14782.294091858512,19709.72545581135,24637.15681976419
2025-07-23,USD/INR,1013369.6157035951,83.21076041040698,15200.544235553925,20267.3923140719,25334.24039258988
2025-07-24,USD/INR,1016084.8903098006,82.72446612640859,15241.273354647008,20321.697806196014,25402.122257745017
2025-07-25,USD/INR,966595.4773178475,82.81243499201697,14498.932159767714,19331.90954635695,24164.88693294619
2025-07-26,USD/INR,1049602.117476826,83.10300705344173,15744.03176215239,20992.04234953652,26240.052936920652
2025-07-27,USD/INR,991252.0121652295,83.10275719018244,14868.780182478442,19825.040243304593,24781.30030413074
2025-07-28,USD/INR,962212.7420253578,83.10300953726122,14433.191130380366,19244.254840507157,24055.318550633947
2025-07-29,USD/INR,1026825.4921785202,83.77054629813094,15402.382382677803,20536.509843570406,25670.637304463005
2025-07-30,USD/INR,955076.6009104481,83.11417810213864,14326.14901365672,19101.532018208964,23876.915022761204
2025-07-31,USD/INR,1001409.0578684565,83.22711312803612,15021.135868026846,20028.18115736913,25035.226446711415
2025-08-01,USD/INR,999544.0501677898,83.19080035269864,14993.160752516846,19990.881003355797,24988.601254194746
2025-08-02,USD/INR,1054294.7782915789,83.13027825026116,15814.421674373683,21085.89556583158,26357.369457289475
2025-08-03,USD/INR,1023734.9116439976,82.93694615107194,15356.023674659964,20474.698232879953,25593.372791099944
2025-08-04,USD/INR,998748.6520627429,83.15179384409865,14981.229780941143,19974.973041254856,24968.716301568573
2025-08-05,USD/INR,1040888.3149600143,82.84543495709248,15613.324724400214,20817.766299200288,26022.20787400036
2025-08-06,USD/INR,1069510.3774508657,82.952636278652,16042.655661762985,21390.207549017316,26737.759436271645
2025-08-07,USD/INR,1027890.5153175931,82.90292729043418,15418.357729763897,20557.81030635186,25697.26288293983
2025-08-08,USD/INR,1000517.630992169,83.01637482787727,15007.764464882535,20010.35261984338,25012.94077480423
2025-08-09,USD/INR,934408.188382492,83.4629317133347,14016.12282573738,18688.163767649843,23360.204709562302
2025-08-10,USD/INR,946744.3168462313,82.62654696148165,14201.16475269347,18934.88633692463,23668.607921155784
2025-08-11,USD/INR,984738.7647822666,83.1372520380749,14771.081471733998,19694.775295645333,24618.469119556667
2025-08-12,USD/INR,969524.3898920359,82.67745682576206,14542.865848380537,19390.487797840717,24238.1097473009
2025-08-13,USD/INR,990651.4348507277,82.90561362684211,14859.771522760915,19813.028697014553,24766.285871268192
2025-08-14,USD/INR,1002832.4962448553,83.21779011939347,15042.48744367283,20056.64992489711,25070.812406121386
2025-08-15,USD/INR,1026484.6377178365,83.0128560038191,15397.269565767547,20529.692754356733,25662.115942945915
2025-08-16,USD/INR,996475.0610970454,82.78445104441414,14947.125916455681,19929.501221940907,24911.87652742614
2025-08-17,USD/INR,1024325.0821913101,82.856939258148,15364.876232869652,20486.501643826203,25608.127054782755
2025-08-18,USD/INR,1003223.720740506,83.13591954978693,15048.355811107589,20064.47441481012,25080.59301851265
2025-08-19,USD/INR,901226.6716823064,82.85392667365657,13518.400075234596,18024.53343364613,22530.666792057662
2025-08-20,USD/INR,953033.2303090623,83.04329171791639,14295.498454635934,19060.664606181246,23825.83075772656
2025-08-21,USD/INR,992795.6222139192,83.00911436798076,14891.934333208786,19855.912444278383,24819.89055534798
2025-08-22,USD/INR,939515.2628579446,82.86967993047884,14092.728942869167,18790.305257158892,23487.881571448615
2025-08-23,USD/INR,1029996.4364998102,83.42878881786507,15449.946547497153,20599.928729996205,25749.910912495256
2025-08-24,USD/INR,1076537.5416171849,83.1267838044636,16148.063124257773,21530.7508323437,26913.438540429623
2025-08-25,USD/INR,1060938.0925848659,82.59497148266848,15914.071388772987,21218.761851697316,26523.45231462165
2025-08-26,USD/INR,989327.8564534896,83.03729086295388,14839.917846802344,19786.55712906979,24733.19641133724
2025-08-27,USD/INR,1074536.3068424975,82.86764270704633,16118.044602637463,21490.726136849953,26863.40767106244
2025-08-28,USD/INR,1007433.3728601056,83.17048666695925,15111.500592901582,20148.66745720211,25185.83432150264
2025-08-29,USD/INR,983145.701444098,82.84149585231346,14747.18552166147,19662.91402888196,24578.642536102452
2025-08-30,USD/INR,969329.866822953,82.97705271170662,14539.948002344294,19386.59733645906,24233.246670573826
2025-08-31,USD/INR,984876.5156755936,83.10099745579609,14773.147735133904,19697.530313511874,24621.912891889842
2025-09-01,USD/INR,980591.1590729386,83.17315103883402,14708.867386094078,19611.823181458774,24514.778976823465
2025-09-02,USD/INR,1008520.8111187743,82.75994071858885,15127.812166781614,20170.416222375487,25213.02027796936
2025-09-03,USD/INR,1008028.6990524932,82.93309975283181,15120.430485787398,20160.573981049864,25200.717476312333
2025-09-04,USD/INR,1000152.3010076707,82.90501093776781,15002.28451511506,20003.046020153415,25003.80752519177
2025-09-05,USD/INR,1021846.9084873175,82.86933415348526,15327.703627309762,20436.93816974635,25546.17271218294
2025-09-06,USD/INR,1059532.313739317,83.35309084805623,15892.984706089754,21190.64627478634,26488.307843482926
2025-09-07,USD/INR,1047477.7067720662,83.0809963421922,15712.165601580993,20949.554135441325,26186.942669301658
2025-09-08,USD/INR,925755.1015775048,82.74782320913299,13886.32652366257,18515.102031550097,23143.87753943762
2025-09-09,USD/INR,872303.9432549023,83.18357238941095,13084.559148823533,17446.078865098047,21807.598581372557
2025-09-10,USD/INR,1046715.9955619636,83.42443123940252,15700.739933429453,20934.319911239272,26167.89988904909
2025-09-11,USD/INR,931656.065079229,83.20649305211023,13974.840976188434,18633.12130158458,23291.401626980725
2025-09-12,USD/INR,988761.7299053658,82.6961260068092,14831.425948580487,19775.234598107316,24719.04324763415
2025-09-13,USD/INR,941494.3486970321,82.90315318542675,14122.415230455481,18829.886973940644,23537.358717425803
2025-09-14,USD/INR,909900.9781209991,83.25338222983733,13648.514671814986,18198.01956241998,22747.524453024977
2025-09-15,USD/INR,1027073.1364102394,82.85846610687625,15406.09704615359,20541.462728204788,25676.828410255985
2025-09-16,USD/INR,1037957.7580151324,83.08876388562925,15569.366370226986,20759.15516030265,25948.94395037831
2025-09-17,USD/INR,971174.4799636641,83.15492681068586,14567.61719945496,19423.48959927328,24279.361999091605
2025-09-18,USD/INR,870447.8853927545,82.81461390568438,13056.718280891317,17408.95770785509,21761.197134818864
2025-09-19,USD/INR,972687.7775873758,82.98809492878765,14590.316663810638,19453.755551747516,24317.194439684397
2025-09-20,USD/INR,1019590.2002701273,82.35174653198618,15293.853004051909,20391.804005402544,25489.755006753185
2025-09-21,USD/INR,926054.4215612935,82.79512247173314,13890.816323419402,18521.08843122587,23151.36053903234
2025-09-22,USD/INR,1009167.9959889578,82.94948636972137,15137.519939834367,20183.359919779155,25229.199899723946
2025-09-23,USD/INR,999234.5075413502,82.75044336360703,14988.517613120253,19984.690150827006,24980.862688533758
2025-09-24,USD/INR,1028964.5749800544,83.32648226078632,15434.468624700816,20579.291499601088,25724.11437450136
2025-09-25,USD/INR,1005979.0184207077,82.71397172440787,15089.685276310614,20119.580368414154,25149.475460517693
2025-09-26,USD/INR,951346.5529559222,82.91199110266061,14270.198294338832,19026.931059118444,23783.663823898056
2025-09-27,USD/INR,1059828.5750832246,83.02614811545722,15897.428626248367,21196.571501664494,26495.714377080614
2025-09-28,USD/INR,992073.5213486515,83.28825465781323,14881.102820229771,19841.470426973032,24801.83803371629
2025-09-29,USD/INR,998634.7730245034,82.71282756976412,14979.52159536755,19972.695460490067,24965.869325612584
2025-09-30,USD/INR,953336.6020463402,83.232632750431,14300.049030695103,19066.732040926807,23833.415051158507
2025-10-01,USD/INR,977835.8874404245,83.00204661220391,14667.538311606368,19556.717748808493,24445.897186010614
2025-10-02,USD/INR,955759.864298655,82.80369826979042,14336.397964479824,19115.1972859731,23893.996607466375
2025-10-03,USD/INR,991352.6970038288,83.09242069485265,14870.290455057431,19827.053940076577,24783.817425095724
2025-10-04,USD/INR,1085585.4240071173,83.0398119391147,16283.78136010676,21711.708480142344,27139.635600177935
2025-10-05,USD/INR,931404.9428534321,82.87995662456824,13971.074142801483,18628.098857068642,23285.123571335804
2025-10-06,USD/INR,919321.9301061629,83.013960416998,13789.828951592443,18386.43860212326,22983.048252654073
2025-10-07,USD/INR,1073558.5163746804,82.92293728062765,16103.377745620206,21471.170327493608,26838.962909367012
2025-10-08,USD/INR,989533.8161424067,83.02270346905026,14843.0072421361,19790.676322848132,24738.345403560168
2025-10-09,USD/INR,966546.3630670041,83.13242613490421,14498.195446005062,19330.927261340083,24163.659076675103
2025-10-10,USD/INR,1051995.234369804,83.31720336322907,15779.928515547059,21039.90468739608,26299.8808592451
2025-10-11,USD/INR,969719.2230131568,82.75243690023463,14545.788345197352,19394.384460263136,24242.980575328922
2025-10-12,USD/INR,1091300.4856773468,83.42660667493125,16369.507285160202,21826.009713546937,27282.512141933672
2025-10-13,USD/INR,1033896.2935669634,82.6095824400955,15508.44440350445,20677.92587133927,25847.407339174086
2025-10-14,USD/INR,975604.4295927149,82.96964298099289,14634.066443890722,19512.0885918543,24390.110739817872
2025-10-15,USD/INR,1107865.4106632753,83.11766344129691,16617.98115994913,22157.308213265507,27696.635266581885
2025-10-16,USD/INR,969714.253849833,83.056198373547,14545.713807747496,19394.28507699666,24242.856346245826
2025-10-17,USD/INR,1037104.7686004654,82.87546009603588,15556.57152900698,20742.09537200931,25927.619215011637
2025-10-18,USD/INR,1014964.6290203246,82.95837554992855,15224.469435304867,20299.29258040649,25374.115725508116
2025-10-19,USD/INR,1065087.0644699398,82.90139981306824,15976.305967049097,21301.741289398797,26627.176611748495
2025-10-20,USD/INR,1078075.5598363427,82.88212704861115,16171.13339754514,21561.511196726853,26951.888995908568
2025-10-21,USD/INR,1001600.2074532884,83.1699204194042,15024.003111799326,20032.004149065768,25040.00518633221
2025-10-22,USD/INR,962329.1064826908,83.07140309719301,14434.936597240361,19246.582129653816,24058.22766206727
2025-10-23,USD/INR,1022998.6071469558,82.86141808094787,15344.979107204337,20459.972142939117,25574.965178673898
2025-10-24,USD/INR,966114.2315123947,83.17991997508665,14491.71347268592,19322.284630247894,24152.85578780987
2025-10-25,USD/INR,1100669.3623763311,83.06145990417532,16510.040435644965,22013.38724752662,27516.734059408278
2025-10-26,USD/INR,1006826.7665541369,83.1625724237678,15102.401498312052,20136.535331082738,25170.669163853425
2025-10-27,USD/INR,981733.9224343946,83.12592576838472,14726.008836515919,19634.678448687893,24543.348060859866
2025-10-28,USD/INR,1009234.0152932454,82.83420099781559,15138.51022939868,20184.68030586491,25230.850382331137
2025-10-29,USD/INR,932643.6855235152,82.8879637919606,13989.655282852727,18652.873710470303,23316.092138087883
2025-10-30,USD/INR,951419.2980744675,83.14945872102466,14271.289471117012,19028.385961489348,23785.482451861688
2025-10-31,USD/INR,1060020.6953972213,83.12207405308669,15900.310430958318,21200.413907944425,26500.517384930532
2025-11-01,USD/INR,967155.2860514303,82.99581968120717,14507.329290771453,19343.105721028605,24178.882151285758
2025-11-02,USD/INR,947654.450865903,83.02346547666176,14214.816762988545,18953.089017318063,23691.361271647576
2025-11-03,USD/INR,1026832.6376263644,83.25553297915768,15402.489564395464,20536.652752527287,25670.81594065911
2025-11-04,USD/INR,1059285.2077331499,82.88168572223283,15889.278115997247,21185.704154663,26482.130193328747
2025-11-05,USD/INR,1035947.6655332533,83.10941947623401,15539.2149829988,20718.953310665067,25898.691638331336
2025-11-06,USD/INR,1049802.3842902908,82.95956146951322,15747.035764354361,20996.047685805817,26245.05960725727
2025-11-07,USD/INR,962160.2455715269,82.95646375935456,14432.403683572904,19243.204911430537,24054.006139288176
2025-11-08,USD/INR,928909.4666629079,83.21975537039744,13933.641999943617,18578.189333258157,23222.7366665727
2025-11-09,USD/INR,1075066.6825977743,83.1650832697976,16126.000238966613,21501.333651955487,26876.66706494436
2025-11-10,USD/INR,983866.0080578933,83.16270192720013,14757.990120868399,19677.320161157866,24596.650201447334
2025-11-11,USD/INR,987458.3491772476,83.26109576143087,14811.875237658714,19749.166983544954,24686.458729431193
2025-11-12,USD/INR,1066409.7070924528,83.00420076832656,15996.145606386792,21328.194141849057,26660.242677311322
2025-11-13,USD/INR,1027811.500470033,83.136390594259,15417.172507050494,20556.23000940066,25695.287511750827
2025-11-14,USD/INR,1022794.3886040804,82.9379466486813,15341.915829061205,20455.88777208161,25569.85971510201
2025-11-15,USD/INR,1108250.117245054,83.06483327049769,16623.75175867581,22165.002344901084,27706.252931126353
2025-11-16,USD/INR,967824.0884809928,82.97397138912646,14517.361327214892,19356.481769619855,24195.602212024824
2025-11-17,USD/INR,1046392.0064040618,83.01939919299855,15695.880096060926,20927.840128081236,26159.800160101546
2025-11-18,USD/INR,1002850.6562448542,83.11903140508738,15042.759843672813,20057.013124897083,25071.266406121358
2025-11-19,USD/INR,1013429.6139431628,82.8363558633533,15201.444209147441,20268.592278863256,25335.74034857907
2025-11-20,USD/INR,1076423.4213206265,83.4184774551371,16146.351319809397,21528.46842641253,26910.585533015663
2025-11-21,USD/INR,1025391.7878144812,82.79879652370006,15380.876817217217,20507.835756289624,25634.79469536203
2025-11-22,USD/INR,1026914.8039524816,82.75716227744245,15403.722059287224,20538.296079049633,25672.87009881204
2025-11-23,USD/INR,1053625.36686549,83.23162217470001,15804.38050298235,21072.507337309802,26340.634171637255
2025-11-24,USD/INR,981752.3635228557,83.15833253879259,14726.285452842834,19635.047270457115,24543.809088071393
2025-11-25,USD/INR,958039.5166330497,83.12482396341044,14370.592749495745,19160.790332660996,23950.987915826245
2025-11-26,USD/INR,947759.5402989483,83.12566910185285,14216.393104484225,18955.190805978968,23693.98850747371
2025-11-27,USD/INR,901682.1705311999,82.99755064543062,13525.232557967998,18033.643410623998,22542.05426328
2025-11-28,USD/INR,1102810.356497016,82.82054912570284,16542.15534745524,22056.20712994032,27570.2589124254
2025-11-29,USD/INR,944839.5817139158,83.01516091163874,14172.593725708737,18896.791634278317,23620.989542847896
2025-11-30,USD/INR,988937.3188207115,82.86456765769758,14834.059782310671,19778.74637641423,24723.432970517788
2025-12-01,USD/INR,986159.335005554,83.19502394668355,14792.39002508331,19723.18670011108,24653.98337513885
2025-12-02,USD/INR,1015370.334890455,82.97058852369958,15230.555023356825,20307.4066978091,25384.258372261378
2025-12-03,USD/INR,1040786.8606269648,82.8349005606415,15611.802909404472,20815.737212539298,26019.671515674123
2025-12-04,USD/INR,1043023.6744179872,82.9357228316694,15645.355116269808,20860.473488359745,26075.591860449684
2025-12-05,USD/INR,970846.1280715531,83.08258629085512,14562.691921073296,19416.922561431064,24271.153201788828
2025-12-06,USD/INR,991643.9143106794,82.88725508943921,14874.65871466019,19832.87828621359,24791.09785776699
2025-12-07,USD/INR,1014128.997524415,82.83555592088672,15211.934962866224,20282.5799504883,25353.224938110376
2025-12-08,USD/INR,987565.4436908227,83.04873744229839,14813.48165536234,19751.308873816455,24689.136092270568
2025-12-09,USD/INR,1080367.2788009997,83.04899331422175,16205.509182014996,21607.345576019994,27009.181970024994
2025-12-10,USD/INR,1024548.7475819126,82.89861136492577,15368.231213728688,20490.97495163825,25613.718689547815
2025-12-11,USD/INR,1036743.8893024909,82.90579233887634,15551.158339537362,20734.87778604982,25918.59723256227
2025-12-12,USD/INR,1033144.0634333707,83.04640998747152,15497.16095150056,20662.881268667414,25828.60158583427
2025-12-13,USD/INR,1058673.6928742663,82.71038313170054,15880.105393113994,21173.473857485325,26466.84232185666
2025-12-14,USD/INR,1009051.0779351854,82.71850724512468,15135.76616902778,20181.02155870371,25226.276948379636
2025-12-15,USD/INR,935158.4026022076,82.85631115574951,14027.376039033114,18703.16805204415,23378.96006505519
2025-12-16,USD/INR,1019984.3975876321,82.95731056965764,15299.76596381448,20399.687951752643,25499.609939690803
2025-12-17,USD/INR,967432.1553104086,83.0621815131196,14511.482329656128,19348.643106208172,24185.803882760214
2025-12-18,USD/INR,973569.1659125121,83.29507124338991,14603.537488687682,19471.383318250242,24339.229147812803
2025-12-19,USD/INR,1029318.2009377547,83.1715319246404,15439.77301406632,20586.364018755095,25732.95502344387
2025-12-20,USD/INR,1061914.1535716818,82.96801229400731,15928.712303575227,21238.283071433638,26547.853839292045
2025-12-21,USD/INR,1001063.5788368031,82.99619675841946,15015.953682552046,20021.27157673606,25026.58947092008
2025-12-22,USD/INR,1015441.6506299482,82.79949412707244,15231.624759449223,20308.833012598967,25386.041265748707
2025-12-23,USD/INR,1085110.747231762,82.99629737280152,16276.661208476427,21702.214944635238,27127.768680794048
2025-12-24,USD/INR,1012037.6589744284,82.94226827221597,15180.564884616426,20240.75317948857,25300.941474360712
2025-12-25,USD/INR,1130084.1557090199,83.06454371206762,16951.262335635296,22601.683114180396,28252.1038927255
2025-12-26,USD/INR,1028275.4822815772,82.83455381128954,15424.132234223658,20565.509645631544,25706.887057039432
2025-12-27,USD/INR,911961.8620422091,83.10386930284824,13679.427930633137,18239.237240844184,22799.04655105523
2025-12-28,USD/INR,1037667.0810552266,83.30654778260052,15565.006215828398,20753.341621104533,25941.67702638067
2025-12-29,USD/INR,1019057.9192441389,82.97824797030863,15285.868788662083,20381.15838488278,25476.447981103473
2025-12-30,USD/INR,1064487.6377041372,83.08034234441979,15967.314565562057,21289.752754082747,26612.190942603433
2025-12-31,USD/INR,1033659.0675634979,83.13802879834222,15504.886013452468,20673.18135126996,25841.47668908745
2025-01-01,USD/MXN,744807.9006006084,17.419755905622832,11172.118509009126,14896.158012012169,18620.19751501521
2025-01-02,USD/MXN,704088.8161391488,17.544818496362083,10561.332242087232,14081.776322782976,17602.22040347872
2025-01-03,USD/MXN,742161.6278517741,17.502518480156358,11132.42441777661,14843.232557035482,18554.040696294353
2025-01-04,USD/MXN,718105.4829671512,17.519535219709766,10771.582244507268,14362.109659343025,17952.63707417878
2025-01-05,USD/MXN,728230.3706323229,17.345398043228908,10923.455559484843,14564.607412646457,18205.759265808072
2025-01-06,USD/MXN,772071.6901657728,17.50490203485179,11581.075352486592,15441.433803315456,19301.792254144322
2025-01-07,USD/MXN,812621.4189131777,17.59959965824909,12189.321283697665,16252.428378263554,20315.535472829444
2025-01-08,USD/MXN,764800.1823683617,17.790228721559007,11472.002735525426,15296.003647367235,19120.004559209043
2025-01-09,USD/MXN,705154.3851736806,17.69185416521704,10577.315777605208,14103.087703473613,17628.859629342016
2025-01-10,USD/MXN,766672.6000582553,17.930636491502312,11500.089000873828,15333.452001165106,19166.815001456383
2025-01-11,USD/MXN,794873.6807492119,17.346530487422392,11923.105211238179,15897.47361498424,19871.842018730298
2025-01-12,USD/MXN,727133.1410880232,17.674464127344137,10906.997116320348,14542.662821760465,18178.32852720058
2025-01-13,USD/MXN,744974.3562497656,17.536668401147672,11174.615343746484,14899.487124995312,18624.358906244142
2025-01-14,USD/MXN,750550.8073023449,17.937960586643534,11258.262109535173,15011.016146046899,18763.770182558623
2025-01-15,USD/MXN,720566.313259416,17.33834034292897,10808.49469889124,14411.326265188321,18014.1578314854
2025-01-16,USD/MXN,774310.5162691447,17.332055631563843,11614.657744037171,15486.210325382895,19357.762906728618
2025-01-17,USD/MXN,745464.4444272082,17.380121470911195,11181.966666408121,14909.288888544164,18636.611110680205
2025-01-18,USD/MXN,765732.4666465136,17.07522085513804,11485.986999697703,15314.649332930272,19143.31166616284
2025-01-19,USD/MXN,716719.0433324212,17.394848995663846,10750.785649986317,14334.380866648426,17917.976083310532
2025-01-20,USD/MXN,733595.313737872,17.34817346768926,11003.92970606808,14671.90627475744,18339.8828434468
2025-01-21,USD/MXN,777089.3009185414,17.530078757295243,11656.33951377812,15541.786018370827,19427.232522963535
2025-01-22,USD/MXN,736018.7567965587,17.568351195155433,11040.28135194838,14720.375135931175,18400.46891991397
2025-01-23,USD/MXN,814761.1444212527,17.87523416784318,12221.41716631879,16295.222888425053,20369.028610531317
2025-01-24,USD/MXN,735013.6430394524,17.69008476763721,11025.204645591784,14700.272860789048,18375.34107598631
2025-01-25,USD/MXN,758425.6772156957,17.38461926886752,11376.385158235436,15168.513544313915,18960.641930392394
2025-01-26,USD/MXN,784972.1561952409,17.32031706573033,11774.582342928614,15699.443123904819,19624.303904881024
2025-01-27,USD/MXN,696811.2850150113,17.598383834301302,10452.16927522517,13936.225700300227,17420.282125375285
2025-01-28,USD/MXN,683969.669550721,17.23595335859587,10259.545043260814,13679.393391014419,17099.241738768025
2025-01-29,USD/MXN,692787.8882036215,17.86629175317087,10391.818323054322,13855.75776407243,17319.69720509054
2025-01-30,USD/MXN,797346.9038785193,17.73588802414426,11960.20355817779,15946.938077570387,19933.672596962984
2025-01-31,USD/MXN,729305.3195290333,17.406164869579058,10939.5797929355,14586.106390580666,18232.632988225832
2025-02-01,USD/MXN,845932.4732125595,17.157373094181825,12688.987098188392,16918.64946425119,21148.31183031399
2025-02-02,USD/MXN,728840.715050348,17.770774474833082,10932.61072575522,14576.81430100696,18221.0178762587
2025-02-03,USD/MXN,756920.6738698889,17.477092030949475,11353.810108048332,15138.413477397778,18923.01684674722
2025-02-04,USD/MXN,807829.1232212953,17.747563262394692,12117.436848319428,16156.582464425906,20195.728080532383
2025-02-05,USD/MXN,825228.4833059671,17.181114468241127,12378.427249589506,16504.569666119343,20630.712082649177
2025-02-06,USD/MXN,827306.3841238649,17.380124995409247,12409.595761857974,16546.127682477298,20682.659603096625
2025-02-07,USD/MXN,795313.7336472429,17.501048739943638,11929.706004708643,15906.274672944857,19882.843341181073
2025-02-08,USD/MXN,788402.3447179298,17.50939611875295,11826.035170768948,15768.046894358597,19710.05861794825
2025-02-09,USD/MXN,772219.7605950444,17.40998690570415,11583.296408925666,15444.395211900888,19305.49401487611
2025-02-10,USD/MXN,779188.540356249,17.6245699864695,11687.828105343735,15583.77080712498,19479.713508906225
2025-02-11,USD/MXN,729330.53563768,17.286475914123482,10939.9580345652,14586.6107127536,18233.263390942
2025-02-12,USD/MXN,719317.5418716635,17.47152410299574,10789.763128074952,14386.35083743327,17982.93854679159
2025-02-13,USD/MXN,749873.4578470893,17.52405912634238,11248.101867706338,14997.469156941786,18746.836446177233
2025-02-14,USD/MXN,743618.0766553152,17.60288776681175,11154.271149829729,14872.361533106305,18590.45191638288
2025-02-15,USD/MXN,733003.9481502272,17.642322975617777,10995.059222253407,14660.078963004544,18325.09870375568
2025-02-16,USD/MXN,776114.5292796268,17.275071581632425,11641.717939194401,15522.290585592536,19402.863231990672
2025-02-17,USD/MXN,785823.9453213941,17.193177165852877,11787.35917982091,15716.478906427883,19645.598633034853
2025-02-18,USD/MXN,753315.2582359443,17.755535364379703,11299.728873539165,15066.305164718886,18832.88145589861
2025-02-19,USD/MXN,805407.3780395723,17.566462802395918,12081.110670593584,16108.147560791445,20135.18445098931
2025-02-20,USD/MXN,707186.6582199936,17.35030269268869,10607.799873299904,14143.733164399871,17679.66645549984
2025-02-21,USD/MXN,742737.7702770106,17.810230395104504,11141.066554155159,14854.755405540212,18568.444256925268
2025-02-22,USD/MXN,723119.1629773948,17.52313492685857,10846.78744466092,14462.383259547896,18077.97907443487
2025-02-23,USD/MXN,680004.8768597603,17.735859436812767,10200.073152896404,13600.097537195206,17000.121921494007
2025-02-24,USD/MXN,746899.4742808988,17.513503696282022,11203.49211421348,14937.989485617976,18672.48685702247
2025-02-25,USD/MXN,745434.4684356268,17.912149584976397,11181.517026534402,14908.689368712538,18635.861710890673
2025-02-26,USD/MXN,806754.3653715799,17.85106816848864,12101.315480573698,16135.087307431599,20168.859134289498
2025-02-27,USD/MXN,773655.4381708042,17.450207170304186,11604.831572562061,15473.108763416083,19341.385954270107
2025-02-28,USD/MXN,711592.9940876549,17.69431419019087,10673.894911314823,14231.859881753098,17789.824852191374
2025-03-01,USD/MXN,819528.4712375321,17.629075189917028,12292.927068562982,16390.569424750644,20488.211780938305
2025-03-02,USD/MXN,795788.7635822007,17.77372631150647,11936.831453733012,15915.775271644015,19894.71908955502
2025-03-03,USD/MXN,771828.6638800731,17.30701530788398,11577.429958201097,15436.573277601463,19295.71659700183
2025-03-04,USD/MXN,741506.8462931314,17.637210291999686,11122.60269439697,14830.136925862627,18537.671157328285
2025-03-05,USD/MXN,714021.0286228695,17.711684897369917,10710.315429343042,14280.420572457391,17850.525715571737
2025-03-06,USD/MXN,736042.2458973355,17.14825210271538,11040.633688460031,14720.84491794671,18401.056147433388
2025-03-07,USD/MXN,790828.0732389069,17.263348297466845,11862.421098583603,15816.561464778139,19770.701830972674
2025-03-08,USD/MXN,820671.9864725479,17.09215356444798,12310.079797088218,16413.439729450958,20516.799661813697
2025-03-09,USD/MXN,807871.6323102071,17.446118633111087,12118.074484653107,16157.432646204143,20196.79080775518
2025-03-10,USD/MXN,731668.1466830147,17.643508451159192,10975.02220024522,14633.362933660293,18291.70366707537
2025-03-11,USD/MXN,708014.3462516621,17.800471410419206,10620.215193774931,14160.286925033242,17700.358656291555
2025-03-12,USD/MXN,755283.2342591701,17.514818956083953,11329.24851388755,15105.664685183403,18882.080856479253
2025-03-13,USD/MXN,683683.523791393,17.825723109114257,10255.252856870895,13673.670475827861,17092.088094784827
2025-03-14,USD/MXN,762118.7892819293,17.22397970835702,11431.78183922894,15242.375785638586,19052.969732048234
2025-03-15,USD/MXN,744464.9030137999,17.159323512128967,11166.973545206998,14889.298060275998,18611.622575344998
2025-03-16,USD/MXN,732523.6311799409,17.488890460220677,10987.854467699113,14650.472623598818,18313.09077949852
2025-03-17,USD/MXN,690198.6349774952,17.576813089787862,10352.979524662427,13803.972699549904,17254.96587443738
2025-03-18,USD/MXN,769260.0039963644,17.493461050381182,11538.900059945467,15385.200079927288,19231.50009990911
2025-03-19,USD/MXN,730023.7185126783,17.086511579992024,10950.355777690174,14600.474370253565,18250.592962816958
2025-03-20,USD/MXN,706128.1186608642,17.482175992097442,10591.921779912962,14122.562373217284,17653.202966521607
2025-03-21,USD/MXN,642290.1670019382,17.23910609989903,9634.352505029074,12845.803340038765,16057.254175048456
2025-03-22,USD/MXN,748968.1910606012,17.633934509766007,11234.522865909017,14979.363821212024,18724.20477651503
2025-03-23,USD/MXN,816459.4348751154,17.57331964921937,12246.891523126731,16329.188697502308,20411.485871877885
2025-03-24,USD/MXN,812297.2205455451,17.312024042734528,12184.458308183177,16245.944410910903,20307.43051363863
2025-03-25,USD/MXN,732858.8903780148,17.397226616532663,10992.883355670221,14657.177807560296,18321.47225945037
2025-03-26,USD/MXN,727417.0477364332,17.28815729562221,10911.255716046498,14548.340954728665,18185.426193410833
2025-03-27,USD/MXN,767579.0346028134,17.487464180545366,11513.685519042201,15351.580692056268,19189.475865070337
2025-03-28,USD/MXN,712560.5460304391,17.69102846410025,10688.408190456586,14251.210920608783,17814.01365076098
2025-03-29,USD/MXN,761317.19624323,17.30285479073289,11419.75794364845,15226.343924864601,19032.92990608075
2025-03-30,USD/MXN,778728.0104394259,17.60080930310357,11680.920156591388,15574.56020878852,19468.20026098565
2025-03-31,USD/MXN,796009.9958956615,17.393948476325512,11940.149938434923,15920.19991791323,19900.24989739154
2025-04-01,USD/MXN,746244.2221320018,17.34142543354753,11193.663331980026,14924.884442640036,18656.105553300044
2025-04-02,USD/MXN,742362.2343683637,17.47859392800909,11135.433515525456,14847.244687367274,18559.055859209093
2025-04-03,USD/MXN,717075.652996629,17.292951535516124,10756.134794949436,14341.51305993258,17926.891324915727
2025-04-04,USD/MXN,718991.9867235052,17.389270138930563,10784.879800852577,14379.839734470104,17974.79966808763
2025-04-05,USD/MXN,741507.0415536928,17.26042442148223,11122.605623305391,14830.140831073855,18537.67603884232
2025-04-06,USD/MXN,763776.2065056066,17.892945026583277,11456.6430975841,15275.524130112133,19094.405162640167
2025-04-07,USD/MXN,784259.4234837468,17.507052710394344,11763.891352256202,15685.188469674937,19606.48558709367
2025-04-08,USD/MXN,719880.789349487,17.360054898401483,10798.211840242306,14397.615786989742,17997.019733737176
2025-04-09,USD/MXN,805975.8213359821,17.542795982146846,12089.63732003973,16119.516426719641,20149.395533399555
2025-04-10,USD/MXN,739832.8649609037,17.477534390061834,11097.492974413555,14796.657299218074,18495.821624022592
2025-04-11,USD/MXN,749198.7264619337,17.455806080093357,11237.980896929004,14983.974529238674,18729.968161548342
2025-04-12,USD/MXN,721979.5620319566,17.622833340008686,10829.693430479349,14439.591240639133,18049.489050798915
2025-04-13,USD/MXN,659090.9902397647,17.651501542009463,9886.36485359647,13181.819804795294,16477.274755994116
2025-04-14,USD/MXN,783151.7023635394,17.393899770477894,11747.275535453091,15663.034047270789,19578.792559088484
2025-04-15,USD/MXN,777631.6461409662,17.384836351871066,11664.474692114492,15552.632922819324,19440.791153524155
2025-04-16,USD/MXN,739450.216608067,17.44498966056967,11091.753249121006,14789.004332161341,18486.25541520168
2025-04-17,USD/MXN,752512.1518959327,17.039615767052883,11287.682278438991,15050.243037918655,18812.80379739832
2025-04-18,USD/MXN,769347.7206639037,17.19696178756029,11540.215809958556,15386.954413278076,19233.693016597594
2025-04-19,USD/MXN,691404.5303667546,17.773374853488907,10371.06795550132,13828.090607335092,17285.113259168866
2025-04-20,USD/MXN,730160.524599514,17.828993542700257,10952.407868992708,14603.21049199028,18254.01311498785
2025-04-21,USD/MXN,779784.9254858185,17.450192792088725,11696.773882287278,15595.69850971637,19494.623137145463
2025-04-22,USD/MXN,702964.1466311532,17.615311392611154,10544.462199467298,14059.282932623064,17574.10366577883
2025-04-23,USD/MXN,761008.4224562485,17.562250030908707,11415.126336843728,15220.16844912497,19025.210561406213
2025-04-24,USD/MXN,699128.1823266223,18.11577616169105,10486.922734899334,13982.563646532446,17478.20455816556
2025-04-25,USD/MXN,767491.1243412573,17.723914982286914,11512.366865118858,15349.822486825145,19187.27810853143
2025-04-26,USD/MXN,748663.4444138444,17.474416481703848,11229.951666207666,14973.268888276887,18716.58611034611
2025-04-27,USD/MXN,689432.5569035434,17.308891911879915,10341.488353553152,13788.651138070869,17235.813922588586
2025-04-28,USD/MXN,793677.725792144,17.178710735948485,11905.16588688216,15873.55451584288,19841.9431448036
2025-04-29,USD/MXN,722452.8158700732,17.540692727173443,10836.792238051097,14449.056317401464,18061.32039675183
2025-04-30,USD/MXN,719615.5336119607,17.34872985094314,10794.23300417941,14392.310672239215,17990.388340299018
2025-05-01,USD/MXN,757521.3448961603,17.215549258080465,11362.820173442404,15150.426897923206,18938.033622404007
2025-05-02,USD/MXN,793073.9006035768,17.370685423151496,11896.10850905365,15861.478012071537,19826.847515089423
2025-05-03,USD/MXN,711906.6817883102,17.28369039927712,10678.600226824652,14238.133635766204,17797.667044707756
2025-05-04,USD/MXN,752312.9943692989,17.837428327014514,11284.694915539483,15046.259887385979,18807.824859232474
2025-05-05,USD/MXN,766080.6187623965,17.67632795138989,11491.209281435948,15321.61237524793,19152.015469059912
2025-05-06,USD/MXN,775991.4602723679,17.498405471736678,11639.871904085518,15519.829205447359,19399.7865068092
2025-05-07,USD/MXN,756616.5583228959,17.795988827778004,11349.248374843439,15132.331166457918,18915.413958072397
2025-05-08,USD/MXN,736236.4560343754,17.515473661529523,11043.54684051563,14724.729120687507,18405.911400859386
2025-05-09,USD/MXN,718965.366725673,17.327743159734347,10784.480500885094,14379.30733451346,17974.134168141823
2025-05-10,USD/MXN,753230.395614239,17.80462481545393,11298.455934213585,15064.60791228478,18830.759890355977
2025-05-11,USD/MXN,709794.7870505397,17.607782008736933,10646.921805758097,14195.895741010796,17744.869676263494
2025-05-12,USD/MXN,640449.3568689523,17.29255076913471,9606.740353034284,12808.987137379047,16011.233921723808
2025-05-13,USD/MXN,766370.9926559125,17.46193226438328,11495.564889838688,15327.41985311825,19159.274816397814
2025-05-14,USD/MXN,783897.5565407323,17.32487634932305,11758.463348110983,15677.951130814647,19597.43891351831
2025-05-15,USD/MXN,661390.033667181,17.22344005380713,9920.850505007715,13227.800673343621,16534.750841679528
2025-05-16,USD/MXN,712135.0985733774,17.685235509506327,10682.02647860066,14242.701971467548,17803.377464334433
2025-05-17,USD/MXN,773218.2847876949,17.881883328094027,11598.274271815424,15464.365695753899,19330.457119692375
2025-05-18,USD/MXN,827156.0801141887,17.220286485236173,12407.34120171283,16543.121602283776,20678.90200285472
2025-05-19,USD/MXN,750779.7640378278,17.612593847338115,11261.696460567417,15015.595280756557,18769.494100945696
2025-05-20,USD/MXN,722699.8897039074,17.369871486175633,10840.498345558612,14453.997794078148,18067.497242597685
2025-05-21,USD/MXN,743141.3834585685,17.402574923247062,11147.120751878527,14862.827669171369,18578.53458646421
2025-05-22,USD/MXN,801557.8657180569,17.381521215152226,12023.367985770854,16031.157314361139,20038.946642951425
2025-05-23,USD/MXN,725776.34328283,17.327201846064035,10886.64514924245,14515.5268656566,18144.40858207075
2025-05-24,USD/MXN,720030.2997506155,17.509704325588967,10800.454496259232,14400.60599501231,18000.757493765388
2025-05-25,USD/MXN,731897.1179181738,17.33380997671779,10978.456768772607,14637.942358363476,18297.427947954344
2025-05-26,USD/MXN,714250.1771902983,17.55409136515597,10713.752657854475,14285.003543805968,17856.25442975746
2025-05-27,USD/MXN,754600.1368498048,17.48995237811017,11319.002052747072,15092.002736996095,18865.00342124512
2025-05-28,USD/MXN,810925.4421926085,17.452210390626718,12163.881632889126,16218.50884385217,20273.136054815215
2025-05-29,USD/MXN,762115.4727418511,17.31848726759168,11431.732091127766,15242.309454837023,19052.886818546278
2025-05-30,USD/MXN,740536.7436702643,17.384645733886334,11108.051155053963,14810.734873405285,18513.418591756606
2025-05-31,USD/MXN,739057.0774156671,17.651078245165152,11085.856161235006,14781.141548313342,18476.42693539168
2025-06-01,USD/MXN,691380.3446738754,17.600183437524876,10370.705170108131,13827.606893477508,17284.508616846884
2025-06-02,USD/MXN,783116.6166430184,17.30448895104029,11746.749249645276,15662.33233286037,19577.915416075462
2025-06-03,USD/MXN,747081.1051120199,17.519866461085844,11206.2165766803,14941.622102240399,18677.0276278005
2025-06-04,USD/MXN,743232.0032403516,17.650277424674357,11148.480048605274,14864.640064807032,18580.80008100879
2025-06-05,USD/MXN,869741.5337941822,17.166118943775725,13046.123006912732,17394.830675883644,21743.538344854558
2025-06-06,USD/MXN,761203.2340637132,17.608672038475987,11418.048510955698,15224.064681274265,19030.080851592833
2025-06-07,USD/MXN,721807.8356214305,17.36747524821083,10827.117534321458,14436.15671242861,18045.195890535764
2025-06-08,USD/MXN,734011.5901422921,17.61411973371863,11010.173852134381,14680.231802845841,18350.289753557303
2025-06-09,USD/MXN,793066.7140948783,17.347348168691497,11896.000711423174,15861.334281897567,19826.66785237196
2025-06-10,USD/MXN,754247.6403951661,17.139023579867096,11313.714605927491,15084.952807903323,18856.191009879152
2025-06-11,USD/MXN,696064.5758130987,17.174491512423366,10440.96863719648,13921.291516261974,17401.61439532747
2025-06-12,USD/MXN,784471.0850465702,17.509616989332276,11767.066275698551,15689.421700931403,19611.777126164256
2025-06-13,USD/MXN,724944.5967922878,17.551944500344295,10874.168951884316,14498.891935845755,18123.614919807194
2025-06-14,USD/MXN,820248.6666081579,17.31913667497912,12303.729999122368,16404.973332163157,20506.21666520395
2025-06-15,USD/MXN,790501.8024642994,17.627718491755473,11857.52703696449,15810.036049285987,19762.545061607485
2025-06-16,USD/MXN,733225.4289127968,17.167695987546207,10998.381433691951,14664.508578255936,18330.63572281992
2025-06-17,USD/MXN,798038.1135650667,17.486784040270535,11970.571703476,15960.762271301335,19950.95283912667
2025-06-18,USD/MXN,752544.5816447777,17.25779676004751,11288.168724671665,15050.891632895553,18813.61454111944
2025-06-19,USD/MXN,781979.0128170833,17.36963277843957,11729.68519225625,15639.580256341666,19549.475320427082
2025-06-20,USD/MXN,768177.4806485428,17.509479734263284,11522.662209728142,15363.549612970855,19204.43701621357
2025-06-21,USD/MXN,718261.6254378422,17.327917326943208,10773.924381567633,14365.232508756844,17956.540635946058
2025-06-22,USD/MXN,725866.8812880951,17.423088891154034,10888.003219321427,14517.337625761904,18146.67203220238
2025-06-23,USD/MXN,788623.5306592935,17.701258561842888,11829.352959889402,15772.470613185871,19715.58826648234
2025-06-24,USD/MXN,737445.9250460047,17.38462162609537,11061.68887569007,14748.918500920094,18436.148126150118
2025-06-25,USD/MXN,734863.1826284251,17.66713842241303,11022.947739426376,14697.263652568501,18371.57956571063
2025-06-26,USD/MXN,714182.9032743992,17.274058629068477,10712.743549115989,14283.658065487985,17854.572581859982
2025-06-27,USD/MXN,765884.9649597548,17.605960835583055,11488.274474396323,15317.699299195097,19147.12412399387
2025-06-28,USD/MXN,827344.6844716179,17.78831372413158,12410.170267074269,16546.89368943236,20683.61711179045
2025-06-29,USD/MXN,709967.5157154647,17.005671099974542,10649.51273573197,14199.350314309295,17749.187892886617
2025-06-30,USD/MXN,750908.2296252284,17.340620948905904,11263.623444378427,15018.164592504569,18772.70574063071
2025-07-01,USD/MXN,802958.2708280786,17.615414425436107,12044.374062421179,16059.165416561573,20073.956770701967
2025-07-02,USD/MXN,747013.4478282856,17.4593909227914,11205.201717424285,14940.268956565713,18675.336195707143
2025-07-03,USD/MXN,766963.942359365,17.57422917467426,11504.459135390476,15339.278847187301,19174.098558984126
2025-07-04,USD/MXN,710160.242694492,17.379202962656837,10652.40364041738,14203.20485388984,17754.0060673623
2025-07-05,USD/MXN,766061.5161452868,17.51731795749458,11490.922742179302,15321.230322905738,19151.537903632172
2025-07-06,USD/MXN,742982.0900623294,17.468864552921584,11144.73135093494,14859.64180124659,18574.552251558238
2025-07-07,USD/MXN,786964.8748379948,17.73355641233196,11804.473122569922,15739.297496759897,19674.12187094987
2025-07-08,USD/MXN,794526.9769336781,17.550884168660243,11917.904654005171,15890.539538673564,19863.174423341956
2025-07-09,USD/MXN,847108.636575698,17.567520532415042,12706.62954863547,16942.17273151396,21177.71591439245
2025-07-10,USD/MXN,771736.2439955091,17.417624606775508,11576.043659932637,15434.724879910182,19293.40609988773
2025-07-11,USD/MXN,762217.3618718312,17.402478755185502,11433.260428077469,15244.347237436625,19055.43404679578
2025-07-12,USD/MXN,757289.41130915,17.413488362436077,11359.34116963725,15145.788226183002,18932.23528272875
2025-07-13,USD/MXN,736756.2640195992,17.57889042847566,11051.343960293987,14735.125280391983,18418.90660048998
2025-07-14,USD/MXN,762693.1441298134,17.415803103835948,11440.397161947201,15253.862882596268,19067.328603245336
2025-07-15,USD/MXN,738922.4471197864,17.55795497137928,11083.836706796796,14778.448942395727,18473.06117799466
2025-07-16,USD/MXN,756317.2866101105,17.915080159729087,11344.759299151658,15126.345732202211,18907.932165252765
2025-07-17,USD/MXN,799409.9075852985,17.67422494068634,11991.148613779478,15988.19815170597,19985.247689632466
2025-07-18,USD/MXN,712254.6538020135,17.43479529356643,10683.819807030202,14245.09307604027,17806.366345050337
2025-07-19,USD/MXN,792745.4460423392,17.740242784432787,11891.181690635087,15854.908920846785,19818.636151058483
2025-07-20,USD/MXN,799391.815025245,17.41838492539569,11990.877225378674,15987.8363005049,19984.795375631125
2025-07-21,USD/MXN,745572.4302378346,17.092375092964428,11183.586453567517,14911.448604756692,18639.310755945866
2025-07-22,USD/MXN,670430.4412871777,17.29838273781652,10056.456619307666,13408.608825743555,16760.761032179445
2025-07-23,USD/MXN,727206.6754839588,17.12584161579483,10908.100132259382,14544.133509679175,18180.16688709897
2025-07-24,USD/MXN,798637.2954960417,17.429697303191737,11979.559432440625,15972.745909920834,19965.932387401044
2025-07-25,USD/MXN,749142.447663792,17.50368367583791,11237.13671495688,14982.84895327584,18728.5611915948
2025-07-26,USD/MXN,712526.1662889408,17.835287462455057,10687.892494334112,14250.523325778817,17813.154157223522
2025-07-27,USD/MXN,731070.9404539418,17.565385474752834,10966.064106809126,14621.418809078838,18276.773511348547
2025-07-28,USD/MXN,781523.2509939207,17.45617989423823,11722.848764908811,15630.465019878415,19538.08127484802
2025-07-29,USD/MXN,770502.5088075517,17.665881116236697,11557.537632113275,15410.050176151035,19262.562720188795
2025-07-30,USD/MXN,741040.0462811365,17.057772938198422,11115.600694217046,14820.800925622729,18526.00115702841
2025-07-31,USD/MXN,736244.0845569492,17.547122911621713,11043.661268354237,14724.881691138984,18406.10211392373
2025-08-01,USD/MXN,735309.0694108567,17.654173038777394,11029.63604116285,14706.181388217134,18382.72673527142
2025-08-02,USD/MXN,715409.6180813061,17.204282750844033,10731.144271219591,14308.192361626123,17885.240452032653
2025-08-03,USD/MXN,810576.5883551041,17.728750808641387,12158.648825326562,16211.531767102082,20264.414708877604
2025-08-04,USD/MXN,737912.9824045748,17.567699281498882,11068.69473606862,14758.259648091494,18447.824560114368
2025-08-05,USD/MXN,795643.4445309561,17.41694241721984,11934.651667964341,15912.868890619122,19891.086113273905
2025-08-06,USD/MXN,807049.351947092,17.626556373221256,12105.740279206379,16140.98703894184,20176.233798677302
2025-08-07,USD/MXN,787436.6586805485,17.95413857156088,11811.549880208227,15748.733173610972,19685.916467013714
2025-08-08,USD/MXN,733814.2382730732,17.5363732510117,11007.213574096098,14676.284765461465,18345.355956826832
2025-08-09,USD/MXN,765139.8783876229,17.549644117260065,11477.098175814343,15302.797567752457,19128.496959690572
2025-08-10,USD/MXN,749092.6647603406,17.408127820091952,11236.389971405108,14981.853295206813,18727.316619008514
2025-08-11,USD/MXN,716111.1802226203,17.33003112610704,10741.667703339304,14322.223604452405,17902.779505565508
2025-08-12,USD/MXN,762163.4730645601,17.66606716330885,11432.452095968401,15243.269461291202,19054.086826614002
2025-08-13,USD/MXN,705786.0078315074,17.328783234818225,10586.79011747261,14115.720156630148,17644.650195787686
2025-08-14,USD/MXN,794537.9770673086,17.51431324744388,11918.06965600963,15890.759541346173,19863.449426682717
2025-08-15,USD/MXN,732576.8513513103,17.404468510646975,10988.652770269653,14651.537027026206,18314.421283782758
2025-08-16,USD/MXN,757543.4870952314,17.59579596514928,11363.15230642847,15150.86974190463,18938.587177380785
2025-08-17,USD/MXN,760623.2951829804,17.566732421057388,11409.349427744704,15212.465903659608,19015.58237957451
2025-08-18,USD/MXN,740291.0634860971,17.70750798885158,11104.365952291457,14805.821269721942,18507.276587152428
2025-08-19,USD/MXN,772001.0175553228,17.39799672022905,11580.015263329842,15440.020351106457,19300.025438883073
2025-08-20,USD/MXN,732191.1128766553,17.446025012941327,10982.866693149828,14643.822257533106,18304.777821916385
2025-08-21,USD/MXN,782673.6486546467,17.30424725684354,11740.1047298197,15653.472973092934,19566.841216366167
2025-08-22,USD/MXN,699525.761990747,17.411141347984778,10492.886429861204,13990.515239814938,17488.144049768674
2025-08-23,USD/MXN,754739.2342329904,17.57546009860897,11321.088513494857,15094.78468465981,18868.48085582476
2025-08-24,USD/MXN,822709.8374646857,17.65139772332907,12340.647561970285,16454.196749293715,20567.745936617142
2025-08-25,USD/MXN,712487.5753272909,17.315566935164476,10687.313629909364,14249.75150654582,17812.189383182274
2025-08-26,USD/MXN,724584.5636053181,17.673921184021133,10868.76845407977,14491.691272106362,18114.614090132953
2025-08-27,USD/MXN,769271.5443622093,17.77112757176099,11539.07316543314,15385.430887244185,19231.78860905523
2025-08-28,USD/MXN,756734.3168227349,17.58268698064474,11351.014752341023,15134.686336454699,18918.357920568375
2025-08-29,USD/MXN,763148.6287227585,17.875359162511614,11447.229430841377,15262.97257445517,19078.715718068965
2025-08-30,USD/MXN,768344.5173805373,17.345242160179286,11525.16776070806,15366.890347610748,19208.612934513436
2025-08-31,USD/MXN,773802.0550710664,17.251069059337716,11607.030826065995,15476.041101421328,19345.05137677666
2025-09-01,USD/MXN,791613.7440733584,17.144255950219144,11874.206161100376,15832.274881467167,19790.34360183396
2025-09-02,USD/MXN,765368.1996348192,17.799208862297835,11480.522994522287,15307.363992696384,19134.20499087048
2025-09-03,USD/MXN,740952.8379518046,17.63087313127081,11114.29256927707,14819.056759036093,18523.820948795117
2025-09-04,USD/MXN,775221.5137951025,17.48888306581791,11628.322706926538,15504.43027590205,19380.537844877563
2025-09-05,USD/MXN,821245.5725585705,17.555993725263964,12318.683588378557,16424.91145117141,20531.139313964264
2025-09-06,USD/MXN,745026.2345106535,17.274902190540324,11175.393517659802,14900.524690213071,18625.65586276634
2025-09-07,USD/MXN,713455.1510748509,17.989150395923364,10701.827266122764,14269.10302149702,17836.378776871275
2025-09-08,USD/MXN,791515.5250982614,17.525844236395045,11872.732876473921,15830.310501965228,19787.888127456536
2025-09-09,USD/MXN,745485.70635174,17.52187895892098,11182.2855952761,14909.714127034802,18637.142658793502
2025-09-10,USD/MXN,668524.8920244736,17.645153324779738,10027.873380367104,13370.497840489474,16713.12230061184
2025-09-11,USD/MXN,781778.3128931408,17.59620184634734,11726.674693397112,15635.566257862816,19544.45782232852
2025-09-12,USD/MXN,729925.1930267279,17.544776804855825,10948.877895400918,14598.503860534558,18248.1298256682
2025-09-13,USD/MXN,746605.001913594,17.341905108910936,11199.075028703908,14932.10003827188,18665.12504783985
2025-09-14,USD/MXN,762449.262396338,17.5942936714272,11436.73893594507,15248.985247926761,19061.23155990845
2025-09-15,USD/MXN,757143.737991715,17.876404899295007,11357.156069875724,15142.8747598343,18928.593449792876
2025-09-16,USD/MXN,776604.443142714,17.769084009230994,11649.06664714071,15532.08886285428,19415.11107856785
2025-09-17,USD/MXN,733669.2611036309,17.81863732532788,11005.038916554462,14673.385222072618,18341.73152759077
2025-09-18,USD/MXN,769241.4674316031,17.397756864713763,11538.622011474046,15384.829348632062,19231.036685790077
2025-09-19,USD/MXN,740266.999590603,17.302079035948285,11104.004993859045,14805.339991812061,18506.674989765077
2025-09-20,USD/MXN,777705.3930332813,17.47484261598007,11665.580895499219,15554.107860665627,19442.634825832032
2025-09-21,USD/MXN,773076.2806504895,17.51114498245774,11596.144209757342,15461.52561300979,19326.907016262237
2025-09-22,USD/MXN,714921.0486733277,17.71883830369419,10723.815730099914,14298.420973466553,17873.026216833194
2025-09-23,USD/MXN,790724.3293565637,17.161507074057035,11860.864940348456,15814.486587131276,19768.108233914096
2025-09-24,USD/MXN,729901.3708082231,17.805910063892124,10948.520562123347,14598.027416164463,18247.53427020558
2025-09-25,USD/MXN,780302.1674355429,17.468398420284203,11704.532511533143,15606.043348710858,19507.554185888574
2025-09-26,USD/MXN,763773.2742525503,17.414623786010516,11456.599113788254,15275.465485051007,19094.331856313758
2025-09-27,USD/MXN,818931.887879817,17.297579124947966,12283.978318197256,16378.637757596342,20473.297196995427
2025-09-28,USD/MXN,741620.0256610556,17.169028665626847,11124.300384915834,14832.400513221111,18540.50064152639
2025-09-29,USD/MXN,736900.6201455676,17.66463411679238,11053.509302183513,14738.012402911352,18422.51550363919
2025-09-30,USD/MXN,749271.76477921,17.51466359343768,11239.07647168815,14985.4352955842,18731.79411948025
2025-10-01,USD/MXN,738630.7581437146,17.24200782005179,11079.46137215572,14772.615162874294,18465.768953592866
2025-10-02,USD/MXN,779997.8213228269,17.240984245587278,11699.967319842403,15599.956426456538,19499.945533070673
2025-10-03,USD/MXN,689388.3521836279,17.432843060141973,10340.825282754418,13787.767043672558,17234.708804590697
2025-10-04,USD/MXN,710486.9092820117,17.83380430505788,10657.303639230175,14209.738185640233,17762.172732050294
2025-10-05,USD/MXN,709957.3904407802,17.448081729727278,10649.360856611702,14199.147808815604,17748.934761019507
2025-10-06,USD/MXN,785636.534699009,17.19937140937638,11784.548020485136,15712.73069398018,19640.913367475227
2025-10-07,USD/MXN,814148.0014718222,17.450851387182812,12212.220022077332,16282.960029436443,20353.700036795555
2025-10-08,USD/MXN,746083.1543048448,17.445455286050464,11191.24731457267,14921.663086096896,18652.07885762112
2025-10-09,USD/MXN,743669.1853803745,16.960622671411684,11155.037780705617,14873.38370760749,18591.729634509364
2025-10-10,USD/MXN,752626.9561167443,17.489141026696437,11289.404341751164,15052.539122334887,18815.67390291861
2025-10-11,USD/MXN,793570.4363478072,17.453813093958264,11903.556545217107,15871.408726956144,19839.26090869518
2025-10-12,USD/MXN,715224.2574678535,17.639241272962682,10728.363862017803,14304.48514935707,17880.606436696336
2025-10-13,USD/MXN,758938.8368525545,17.869791218989068,11384.082552788317,15178.77673705109,18973.470921313863
2025-10-14,USD/MXN,786569.9111168411,17.725313005909552,11798.548666752617,15731.398222336824,19664.24777792103
2025-10-15,USD/MXN,768791.0313727442,17.446222261889034,11531.865470591163,15375.820627454885,19219.77578431861
2025-10-16,USD/MXN,757109.3106224529,17.278694818251665,11356.639659336794,15142.186212449058,18927.732765561323
2025-10-17,USD/MXN,787539.2284712677,18.014671960649974,11813.088427069015,15750.784569425356,19688.480711781696
2025-10-18,USD/MXN,648628.7890125286,17.511843686802898,9729.431835187928,12972.575780250572,16215.719725313216
2025-10-19,USD/MXN,775420.324482409,17.502785858382587,11631.304867236135,15508.406489648181,19385.508112060226
2025-10-20,USD/MXN,725472.1618827216,17.495174982578,10882.082428240823,14509.443237654432,18136.80404706804
2025-10-21,USD/MXN,681351.2663678828,17.539616952153573,10220.268995518241,13627.025327357656,17033.781659197073
2025-10-22,USD/MXN,769170.0974821867,17.471127917615213,11537.551462232801,15383.401949643736,19229.25243705467
2025-10-23,USD/MXN,801512.1954436109,17.38526759862395,12022.682931654163,16030.243908872219,20037.804886090275
2025-10-24,USD/MXN,744845.6807014615,17.39062821175192,11172.685210521922,14896.91361402923,18621.14201753654
2025-10-25,USD/MXN,785732.7955201102,17.4934493459568,11785.991932801651,15714.655910402204,19643.319888002756
2025-10-26,USD/MXN,810460.4346745742,17.391315045773247,12156.906520118613,16209.208693491484,20261.510866864355
2025-10-27,USD/MXN,799309.2920094018,17.357430843464567,11989.639380141027,15986.185840188036,19982.732300235046
2025-10-28,USD/MXN,811498.6698514272,17.52128604553838,12172.480047771407,16229.973397028545,20287.46674628568
2025-10-29,USD/MXN,777829.7809151959,17.449004556515828,11667.446713727939,15556.59561830392,19445.7445228799
2025-10-30,USD/MXN,752828.7614588097,17.800798597716536,11292.431421882146,15056.575229176195,18820.719036470244
2025-10-31,USD/MXN,689926.2820538562,16.969806038321398,10348.894230807842,13798.525641077124,17248.157051346407
2025-11-01,USD/MXN,740772.6566951269,17.71830137038449,11111.589850426903,14815.453133902538,18519.316417378173
2025-11-02,USD/MXN,718378.2526756428,17.749217038499527,10775.673790134642,14367.565053512857,17959.45631689107
2025-11-03,USD/MXN,831410.351906168,17.08532195351837,12471.15527859252,16628.20703812336,20785.2587976542
2025-11-04,USD/MXN,743404.2820337873,17.43146248118393,11151.06423050681,14868.085640675747,18585.107050844683
2025-11-05,USD/MXN,754620.1802544182,17.425711826800843,11319.302703816273,15092.403605088364,18865.504506360456
2025-11-06,USD/MXN,770680.7016015175,17.218497661056436,11560.210524022763,15413.614032030351,19267.017540037938
2025-11-07,USD/MXN,751635.091738967,17.344436662481826,11274.526376084505,15032.70183477934,18790.877293474176
2025-11-08,USD/MXN,813564.4140161532,17.277884830906835,12203.466210242297,16271.288280323064,20339.110350403833
2025-11-09,USD/MXN,726650.648934958,17.850454088684724,10899.75973402437,14533.01297869916,18166.26622337395
2025-11-10,USD/MXN,757297.7795713966,17.68713567862949,11359.46669357095,15145.955591427934,18932.444489284917
2025-11-11,USD/MXN,722157.3530363232,17.75431101899883,10832.360295544848,14443.147060726464,18053.93382590808
2025-11-12,USD/MXN,700499.1558292236,17.644334412808647,10507.487337438353,14009.983116584472,17512.47889573059
2025-11-13,USD/MXN,727058.6590910518,17.274189645756554,10905.879886365776,14541.173181821036,18176.466477276295
2025-11-14,USD/MXN,748611.1201106845,17.395095946744046,11229.166801660267,14972.22240221369,18715.278002767114
2025-11-15,USD/MXN,733901.1665806028,17.597874912245583,11008.517498709041,14678.023331612056,18347.52916451507
2025-11-16,USD/MXN,724034.2132547304,17.25557443822161,10860.513198820956,14480.68426509461,18100.85533136826
2025-11-17,USD/MXN,697263.0951123062,17.642599686034476,10458.946426684592,13945.261902246124,17431.577377807655
2025-11-18,USD/MXN,746883.5410264239,17.451934920368373,11203.25311539636,14937.67082052848,18672.088525660598
2025-11-19,USD/MXN,693572.9859738374,17.425035838490082,10403.594789607561,13871.459719476748,17339.324649345937
2025-11-20,USD/MXN,778502.0986383602,17.642191993640697,11677.531479575402,15570.041972767203,19462.552465959005
2025-11-21,USD/MXN,753091.4907350439,17.588852662297207,11296.372361025658,15061.829814700877,18827.287268376098
2025-11-22,USD/MXN,695341.8187700651,17.427806766836184,10430.127281550976,13906.836375401303,17383.54546925163
2025-11-23,USD/MXN,738404.6596106301,17.73186596067285,11076.069894159451,14768.093192212604,18460.116490265755
2025-11-24,USD/MXN,721794.1347903531,17.28378733448002,10826.912021855296,14435.882695807062,18044.85336975883
2025-11-25,USD/MXN,761969.0441407192,17.623187121388852,11429.535662110788,15239.380882814385,19049.22610351798
2025-11-26,USD/MXN,800266.8917258679,17.618620251593676,12004.003375888018,16005.337834517357,20006.672293146697
2025-11-27,USD/MXN,679681.0323882846,17.438090712137203,10195.215485824268,13593.620647765692,16992.025809707116
2025-11-28,USD/MXN,754313.4779680282,17.565226604448423,11314.702169520422,15086.269559360564,18857.836949200704
2025-11-29,USD/MXN,743995.020166251,17.24977728472294,11159.925302493764,14879.90040332502,18599.875504156276
2025-11-30,USD/MXN,775175.2528668925,17.68480540384138,11627.628793003387,15503.50505733785,19379.381321672314
2025-12-01,USD/MXN,757994.8735589134,17.463019572711403,11369.9231033837,15159.897471178267,18949.871838972835
2025-12-02,USD/MXN,721801.1500597943,17.395455395896192,10827.017250896914,14436.023001195887,18045.028751494858
2025-12-03,USD/MXN,738035.4774125018,17.709801845167377,11070.532161187526,14760.709548250037,18450.886935312545
2025-12-04,USD/MXN,720149.0303698692,17.35913126189145,10802.235455548038,14402.980607397385,18003.725759246732
2025-12-05,USD/MXN,790350.2676974474,17.218307740727287,11855.25401546171,15807.005353948949,19758.75669243619
2025-12-06,USD/MXN,750799.1868251979,17.188674165295218,11261.987802377967,15015.983736503958,18769.97967062995
2025-12-07,USD/MXN,821294.6507157378,17.621201990269128,12319.419760736067,16425.893014314755,20532.36626789345
2025-12-08,USD/MXN,747725.2194819517,17.243914129500745,11215.878292229274,14954.504389639034,18693.13048704879
2025-12-09,USD/MXN,723434.7462408576,17.850958836396874,10851.521193612863,14468.694924817153,18085.86865602144
2025-12-10,USD/MXN,693235.710277019,17.083614118423256,10398.535654155285,13864.71420554038,17330.892756925474
2025-12-11,USD/MXN,682382.2621404021,17.83929127365801,10235.733932106032,13647.645242808043,17059.556553510054
2025-12-12,USD/MXN,690594.9021372942,17.542203493440525,10358.923532059413,13811.898042745885,17264.872553432357
2025-12-13,USD/MXN,760017.2494129306,17.48065737762592,11400.258741193958,15200.344988258612,19000.431235323264
2025-12-14,USD/MXN,769077.1883711225,17.39101618263821,11536.157825566837,15381.54376742245,19226.92970927806
2025-12-15,USD/MXN,690705.348673795,17.579827222870414,10360.580230106925,13814.1069734759,17267.633716844877
2025-12-16,USD/MXN,783563.9367778543,17.49247305951503,11753.459051667814,15671.278735557087,19589.09841944636
2025-12-17,USD/MXN,731885.2105618711,17.720660376403305,10978.278158428066,14637.704211237422,18297.130264046777
2025-12-18,USD/MXN,755504.7379494581,17.522845529732407,11332.57106924187,15110.094758989162,18887.61844873645
2025-12-19,USD/MXN,810458.2735595785,17.530060352292377,12156.874103393677,16209.165471191569,20261.456838989463
2025-12-20,USD/MXN,783631.4743449574,17.42727755755723,11754.47211517436,15672.629486899148,19590.786858623935
2025-12-21,USD/MXN,739930.1007035313,17.488610875255787,11098.951510552968,14798.602014070626,18498.252517588284
2025-12-22,USD/MXN,716580.2915469267,17.56156035377841,10748.7043732039,14331.605830938535,17914.50728867317
2025-12-23,USD/MXN,669306.9224501511,17.157966321468674,10039.603836752265,13386.138449003021,16732.673061253776
2025-12-24,USD/MXN,723031.7505284093,17.23036291557886,10845.476257926139,14460.635010568185,18075.793763210233
2025-12-25,USD/MXN,742082.6160439615,17.648652818804543,11131.239240659423,14841.65232087923,18552.065401099037
2025-12-26,USD/MXN,712980.7677318306,17.53417308762559,10694.711515977458,14259.615354636611,17824.519193295764
2025-12-27,USD/MXN,745077.8637340385,17.463203332729464,11176.167956010579,14901.557274680772,18626.946593350964
2025-12-28,USD/MXN,752881.9456109538,17.503686786613077,11293.229184164307,15057.638912219078,18822.048640273846
2025-12-29,USD/MXN,741567.9006821971,17.569516341072333,11123.518510232956,14831.358013643941,18539.197517054927
2025-12-30,USD/MXN,725624.9032191202,17.392048063938127,10884.373548286803,14512.498064382406,18140.622580478008
2025-12-31,USD/MXN,756324.5501987523,17.344339054919537,11344.868252981285,15126.491003975047,18908.11375496881
2025-01-01,USD/PHP,511048.51623923524,56.039169051019535,7665.727743588528,10220.970324784705,12776.212905980881
2025-01-02,USD/PHP,472740.0230639288,55.804325444476994,7091.100345958932,9454.800461278577,11818.50057659822
2025-01-03,USD/PHP,535273.3094936567,56.08165055114289,8029.099642404851,10705.466189873136,13381.83273734142
2025-01-04,USD/PHP,497535.29669289343,55.65948327915243,7463.029450393401,9950.70593385787,12438.382417322337
2025-01-05,USD/PHP,500471.2405736212,56.20583112746513,7507.068608604317,10009.424811472423,12511.78101434053
2025-01-06,USD/PHP,517705.36058141396,56.09451949648261,7765.580408721209,10354.10721162828,12942.63401453535
2025-01-07,USD/PHP,505830.4032815875,56.05120594686277,7587.456049223812,10116.60806563175,12645.76008203969
2025-01-08,USD/PHP,523828.4158478311,56.196538196789106,7857.426237717466,10476.568316956622,13095.710396195778
2025-01-09,USD/PHP,507178.1041300456,56.33309488889252,7607.671561950684,10143.562082600913,12679.452603251142
2025-01-10,USD/PHP,484689.06563398906,56.20287401300362,7270.335984509836,9693.781312679781,12117.226640849727
2025-01-11,USD/PHP,509037.58813015255,55.63182515373367,7635.563821952288,10180.751762603051,12725.939703253815
2025-01-12,USD/PHP,471406.84481698344,55.74408460665286,7071.102672254751,9428.136896339669,11785.171120424588
2025-01-13,USD/PHP,502713.9926444131,55.87503628446086,7540.7098896661955,10054.279852888261,12567.849816110327
2025-01-14,USD/PHP,499169.25023388845,56.005218210042166,7487.538753508326,9983.38500467777,12479.231255847211
2025-01-15,USD/PHP,494797.0785681865,56.10353180409383,7421.956178522797,9895.94157136373,12369.926964204664
2025-01-16,USD/PHP,496786.56221402675,55.85485123736931,7451.798433210401,9935.731244280536,12419.66405535067
2025-01-17,USD/PHP,452953.773862559,56.037353352895416,6794.306607938384,9059.075477251181,11323.844346563976
2025-01-18,USD/PHP,486281.87730647594,55.848923413529334,7294.228159597139,9725.63754612952,12157.046932661899
2025-01-19,USD/PHP,502321.12252852786,55.87769643940161,7534.816837927918,10046.422450570557,12558.028063213198
2025-01-20,USD/PHP,503996.409799935,55.718667780630355,7559.946146999025,10079.9281959987,12599.910244998377
2025-01-21,USD/PHP,474308.12147685105,55.81535335077782,7114.621822152765,9486.162429537022,11857.703036921277
2025-01-22,USD/PHP,531642.6960216175,55.72966307887673,7974.640440324262,10632.85392043235,13291.067400540438
2025-01-23,USD/PHP,478345.6287946375,55.80482534940453,7175.1844319195625,9566.912575892751,11958.640719865938
2025-01-24,USD/PHP,524236.4300131684,56.21072835932157,7863.546450197526,10484.728600263368,13105.91075032921
2025-01-25,USD/PHP,510679.85904679215,55.810120222233614,7660.197885701882,10213.597180935843,12766.996476169805
2025-01-26,USD/PHP,483844.31725390494,56.526476412967476,7257.664758808573,9676.8863450781,12096.107931347624
2025-01-27,USD/PHP,544382.7723152378,56.09866358017618,8165.7415847285665,10887.655446304756,13609.569307880945
2025-01-28,USD/PHP,470159.079206088,56.03696722473897,7052.386188091319,9403.18158412176,11753.9769801522
2025-01-29,USD/PHP,522978.85434025,55.828328443963755,7844.68281510375,10459.577086805,13074.47135850625
2025-01-30,USD/PHP,525014.5579510744,56.1400619758818,7875.2183692661165,10500.29115902149,13125.363948776861
2025-01-31,USD/PHP,483234.4947730839,55.884872434752445,7248.517421596258,9664.689895461677,12080.862369327098
2025-02-01,USD/PHP,534811.6325016082,56.02440196292907,8022.174487524123,10696.232650032165,13370.290812540206
2025-02-02,USD/PHP,493748.8371350262,56.51201690765376,7406.232557025392,9874.976742700524,12343.720928375655
2025-02-03,USD/PHP,507217.3407319964,55.98078802005507,7608.260110979946,10144.346814639928,12680.433518299911
2025-02-04,USD/PHP,506508.04596928053,56.229854665257136,7597.620689539208,10130.160919385611,12662.701149232014
2025-02-05,USD/PHP,496642.2814632363,55.859364714974824,7449.634221948544,9932.845629264726,12416.057036580909
2025-02-06,USD/PHP,520270.20682899456,55.99300230190061,7804.053102434918,10405.404136579891,13006.755170724864
2025-02-07,USD/PHP,519837.21801380534,56.3541601271271,7797.55827020708,10396.744360276107,12995.930450345135
2025-02-08,USD/PHP,456286.7006690455,55.87460658844245,6844.300510035682,9125.73401338091,11407.167516726138
2025-02-09,USD/PHP,532608.5060719538,56.36248971159939,7989.1275910793065,10652.170121439076,13315.212651798845
2025-02-10,USD/PHP,458437.70029910817,56.141550387091094,6876.565504486623,9168.754005982164,11460.942507477705
2025-02-11,USD/PHP,525813.6551085415,55.887506644821144,7887.204826628122,10516.27310217083,13145.341377713537
2025-02-12,USD/PHP,528167.6284206896,56.1264815478111,7922.514426310344,10563.352568413793,13204.190710517241
2025-02-13,USD/PHP,472725.83924462006,56.19451088992535,7090.8875886693,9454.516784892401,11818.145981115502
2025-02-14,USD/PHP,489729.6428011354,56.12436199244344,7345.944642017031,9794.592856022708,12243.241070028385
2025-02-15,USD/PHP,472357.3832878516,55.68595505602191,7085.360749317773,9447.147665757031,11808.93458219629
2025-02-16,USD/PHP,494626.97424278164,55.854572564835024,7419.404613641725,9892.539484855633,12365.674356069541
2025-02-17,USD/PHP,492299.14289535646,55.9504962728897,7384.487143430347,9845.982857907129,12307.478572383912
2025-02-18,USD/PHP,519491.5133067335,55.98511331417999,7792.372699601003,10389.83026613467,12987.287832668339
2025-02-19,USD/PHP,532757.7186529902,56.124134419510135,7991.365779794853,10655.154373059804,13318.942966324756
2025-02-20,USD/PHP,534892.0952697489,56.03554020018665,8023.381429046234,10697.841905394978,13372.302381743724
2025-02-21,USD/PHP,485945.7993355424,55.73293112825798,7289.186990033136,9718.915986710848,12148.644983388562
2025-02-22,USD/PHP,494769.4531563868,56.07603957020119,7421.541797345802,9895.389063127735,12369.23632890967
2025-02-23,USD/PHP,457914.04519447626,56.12211714905676,6868.710677917144,9158.280903889525,11447.851129861907
2025-02-24,USD/PHP,479853.24833759526,56.11195808958621,7197.798725063929,9597.064966751905,11996.331208439882
2025-02-25,USD/PHP,524121.29082743643,56.21615614511092,7861.8193624115465,10482.425816548728,13103.032270685911
2025-02-26,USD/PHP,540389.5705887058,56.16678443090978,8105.843558830587,10807.791411774117,13509.739264717646
2025-02-27,USD/PHP,469141.27820300194,56.091836015845686,7037.119173045029,9382.825564060038,11728.53195507505
2025-02-28,USD/PHP,485188.39352117764,55.98596685770827,7277.825902817664,9703.767870423553,12129.709838029441
2025-03-01,USD/PHP,499339.8560760268,55.667807813296804,7490.097841140402,9986.797121520536,12483.496401900671
2025-03-02,USD/PHP,507004.02897049015,56.08592364382652,7605.060434557352,10140.080579409803,12675.100724262255
2025-03-03,USD/PHP,479759.9120019589,56.041537537432625,7196.398680029383,9595.198240039177,11993.997800048972
2025-03-04,USD/PHP,510601.52611160226,56.05431576743907,7659.022891674033,10212.030522232046,12765.038152790057
2025-03-05,USD/PHP,488154.0163232271,55.74465028483594,7322.310244848406,9763.080326464542,12203.850408080678
2025-03-06,USD/PHP,499638.69322804303,55.783788691918346,7494.580398420645,9992.77386456086,12490.967330701076
2025-03-07,USD/PHP,513657.1062000925,56.21063057066658,7704.8565930013865,10273.14212400185,12841.427655002313
2025-03-08,USD/PHP,500160.55674527347,55.99208896922867,7502.408351179101,10003.21113490547,12504.013918631837
2025-03-09,USD/PHP,489090.3527368358,56.13630013947453,7336.355291052537,9781.807054736715,12227.258818420894
2025-03-10,USD/PHP,497259.7549018542,56.005663675226096,7458.8963235278125,9945.195098037084,12431.493872546356
2025-03-11,USD/PHP,497790.9260198666,56.005951227899146,7466.863890297998,9955.818520397332,12444.773150496665
2025-03-12,USD/PHP,490749.7242529468,56.1876567611952,7361.245863794202,9814.994485058936,12268.74310632367
2025-03-13,USD/PHP,493530.09843332245,55.89679105435653,7402.951476499837,9870.60196866645,12338.252460833062
2025-03-14,USD/PHP,539966.179262618,56.019224155388194,8099.492688939269,10799.32358525236,13499.154481565449
2025-03-15,USD/PHP,514022.98619853094,55.907544942258994,7710.344792977964,10280.459723970618,12850.574654963275
2025-03-16,USD/PHP,492612.992049271,55.913100754513536,7389.1948807390645,9852.25984098542,12315.324801231776
2025-03-17,USD/PHP,517423.86011276837,55.93816557530627,7761.3579016915255,10348.477202255368,12935.59650281921
2025-03-18,USD/PHP,491654.51275609975,56.04442675432674,7374.817691341496,9833.090255121995,12291.362818902495
2025-03-19,USD/PHP,529328.115939666,55.9042502756673,7939.921739094991,10586.562318793322,13233.202898491652
2025-03-20,USD/PHP,509241.05480495235,56.251151225114704,7638.615822074285,10184.821096099047,12731.02637012381
2025-03-21,USD/PHP,497317.44639989425,55.8210785395561,7459.761695998413,9946.348927997886,12432.936159997356
2025-03-22,USD/PHP,511192.92314525694,55.96262567116773,7667.893847178853,10223.858462905138,12779.823078631423
2025-03-23,USD/PHP,460728.0961982875,55.91205378834516,6910.921442974312,9214.56192396575,11518.202404957188
2025-03-24,USD/PHP,471830.81327725487,56.289395576870746,7077.462199158823,9436.616265545097,11795.770331931373
2025-03-25,USD/PHP,470151.87484002364,56.03931095530231,7052.278122600354,9403.037496800473,11753.796871000592
2025-03-26,USD/PHP,503573.5773690927,56.206368907893726,7553.60366053639,10071.471547381854,12589.339434227317
2025-03-27,USD/PHP,543312.8749871273,55.7028879253926,8149.693124806909,10866.257499742545,13582.821874678182
2025-03-28,USD/PHP,555782.5036548158,56.05341005317385,8336.737554822237,11115.650073096316,13894.562591370397
2025-03-29,USD/PHP,515951.2775360189,56.17792615912469,7739.269163040283,10319.025550720378,12898.781938400474
2025-03-30,USD/PHP,512521.1118736114,56.016456797855085,7687.816678104171,10250.422237472229,12813.027796840286
2025-03-31,USD/PHP,454973.5566461815,56.21309607501307,6824.603349692722,9099.47113292363,11374.338916154538
2025-04-01,USD/PHP,486433.15500664944,55.89654230997993,7296.497325099741,9728.66310013299,12160.828875166237
2025-04-02,USD/PHP,480305.40620229405,56.28186948803712,7204.5810930344105,9606.10812404588,12007.635155057353
2025-04-03,USD/PHP,484478.8100437221,56.45977962472385,7267.182150655831,9689.576200874442,12111.970251093053
2025-04-04,USD/PHP,495796.40453538025,55.92743228791207,7436.946068030704,9915.928090707604,12394.910113384507
2025-04-05,USD/PHP,488197.7355575718,55.910899495719846,7322.966033363577,9763.954711151437,12204.943388939297
2025-04-06,USD/PHP,450517.5047406053,56.29067689542354,6757.7625711090795,9010.350094812105,11262.937618515134
2025-04-07,USD/PHP,518697.75640293834,56.31591442914614,7780.466346044075,10373.955128058768,12967.44391007346
2025-04-08,USD/PHP,473181.4243565048,55.895427994569346,7097.721365347572,9463.628487130096,11829.535608912622
2025-04-09,USD/PHP,505981.1716027787,55.91596263658083,7589.717574041681,10119.623432055574,12649.52929006947
2025-04-10,USD/PHP,551852.0667437493,55.9436430782279,8277.78100115624,11037.041334874986,13796.301668593733
2025-04-11,USD/PHP,477015.38521033945,55.73110989779315,7155.230778155092,9540.307704206789,11925.384630258486
2025-04-12,USD/PHP,436742.81193134177,55.81626961070316,6551.142178970126,8734.856238626835,10918.570298283545
2025-04-13,USD/PHP,492849.89445299725,55.799171846649585,7392.748416794959,9856.997889059945,12321.247361324931
2025-04-14,USD/PHP,527523.9908749643,55.846440486979176,7912.859863124464,10550.479817499287,13188.099771874107
2025-04-15,USD/PHP,548958.6863555148,55.99306302252264,8234.380295332721,10979.173727110296,13723.96715888787
2025-04-16,USD/PHP,469261.2601386896,56.046842946507304,7038.918902080343,9385.225202773792,11731.53150346724
2025-04-17,USD/PHP,512417.480580913,56.31010009856281,7686.262208713695,10248.349611618261,12810.437014522826
2025-04-18,USD/PHP,488367.23858049867,55.80032919185224,7325.5085787074795,9767.344771609974,12209.180964512467
2025-04-19,USD/PHP,497351.2911423966,56.196864479695314,7460.269367135949,9947.025822847932,12433.782278559916
2025-04-20,USD/PHP,566108.5836754258,55.957202231154895,8491.628755131387,11322.171673508517,14152.714591885648
2025-04-21,USD/PHP,462425.7417901212,55.990107258069514,6936.386126851818,9248.514835802423,11560.643544753031
2025-04-22,USD/PHP,506343.4915373643,56.13496389843332,7595.152373060464,10126.869830747286,12658.587288434108
2025-04-23,USD/PHP,511692.32929413585,55.77545559568754,7675.384939412037,10233.846585882717,12792.308232353396
2025-04-24,USD/PHP,527144.6581234836,56.07648194923681,7907.169871852255,10542.893162469672,13178.616453087092
2025-04-25,USD/PHP,502449.57883677236,56.03329044164261,7536.743682551585,10048.991576735447,12561.23947091931
2025-04-26,USD/PHP,507701.2634876026,56.09849025280163,7615.518952314039,10154.025269752052,12692.531587190066
2025-04-27,USD/PHP,490208.78581445524,56.05783372878157,7353.131787216828,9804.175716289104,12255.219645361381
2025-04-28,USD/PHP,506728.1735311277,56.49106002798218,7600.922602966915,10134.563470622554,12668.204338278192
2025-04-29,USD/PHP,491420.19311256474,55.87245200314974,7371.302896688471,9828.403862251294,12285.504827814118
2025-04-30,USD/PHP,515539.29724640126,55.89380060899963,7733.0894586960185,10310.785944928026,12888.482431160031
2025-05-01,USD/PHP,490759.74159890914,55.875371894715045,7361.396123983637,9815.194831978182,12268.99353997273
2025-05-02,USD/PHP,509427.50984755467,55.88890457616795,7641.4126477133195,10188.550196951093,12735.687746188867
2025-05-03,USD/PHP,499268.42965787556,55.8725225745387,7489.026444868133,9985.368593157511,12481.71074144689
2025-05-04,USD/PHP,528151.2562693042,56.23780330622151,7922.268844039562,10563.025125386084,13203.781406732605
2025-05-05,USD/PHP,498715.15691028786,56.28410084959797,7480.727353654318,9974.303138205758,12467.878922757198
2025-05-06,USD/PHP,455674.18829482794,55.8858507412501,6835.112824422419,9113.483765896559,11391.8547073707
2025-05-07,USD/PHP,531548.0375178498,55.83352888537915,7973.220562767747,10630.960750356997,13288.700937946247
2025-05-08,USD/PHP,477356.69247843453,56.09428311127728,7160.350387176518,9547.13384956869,11933.917311960864
2025-05-09,USD/PHP,483655.8415337795,55.88955539114381,7254.837623006692,9673.11683067559,12091.396038344488
2025-05-10,USD/PHP,485108.4676489127,56.126586363551105,7276.62701473369,9702.169352978253,12127.711691222818
2025-05-11,USD/PHP,534360.9523292704,56.04058460417026,8015.414284939056,10687.21904658541,13359.023808231761
2025-05-12,USD/PHP,446608.14465053263,55.69685117700055,6699.1221697579895,8932.162893010653,11165.203616263316
2025-05-13,USD/PHP,578443.7133414998,56.309501040266014,8676.655700122497,11568.874266829996,14461.092833537496
2025-05-14,USD/PHP,526401.4202266512,56.359175534619105,7896.021303399768,10528.028404533025,13160.035505666281
2025-05-15,USD/PHP,505580.972853229,55.87744226190312,7583.714592798435,10111.61945706458,12639.524321330726
2025-05-16,USD/PHP,498627.64998459286,55.9224596880128,7479.414749768893,9972.552999691858,12465.691249614822
2025-05-17,USD/PHP,507138.8518714414,56.057173078144984,7607.082778071621,10142.777037428828,12678.471296786036
2025-05-18,USD/PHP,513028.06070948346,56.066891357997406,7695.420910642251,10260.561214189669,12825.701517737087
2025-05-19,USD/PHP,516130.3896487514,56.131708854534565,7741.955844731271,10322.607792975028,12903.259741218786
2025-05-20,USD/PHP,513890.11165008624,56.40204090775327,7708.351674751293,10277.802233001725,12847.252791252156
2025-05-21,USD/PHP,502239.5170313812,55.96461055450119,7533.592755470718,10044.790340627624,12555.987925784531
2025-05-22,USD/PHP,495066.53949231684,55.84034055109231,7425.998092384752,9901.330789846337,12376.663487307922
2025-05-23,USD/PHP,496218.16790866223,55.724136154397094,7443.272518629933,9924.363358173245,12405.454197716557
2025-05-24,USD/PHP,495127.292991183,55.85381399201162,7426.909394867745,9902.54585982366,12378.182324779576
2025-05-25,USD/PHP,528344.2524216766,55.99337460542524,7925.163786325149,10566.885048433533,13208.606310541916
2025-05-26,USD/PHP,514838.91805702157,56.358911572703555,7722.583770855324,10296.778361140432,12870.97295142554
2025-05-27,USD/PHP,426490.28413339297,55.896477740192765,6397.354262000894,8529.80568266786,10662.257103334825
2025-05-28,USD/PHP,516397.51941324404,56.04475759032778,7745.96279119866,10327.95038826488,12909.937985331102
2025-05-29,USD/PHP,504868.4048679694,55.99671542078545,7573.0260730195405,10097.368097359387,12621.710121699236
2025-05-30,USD/PHP,499532.28108885256,56.23767865468962,7492.9842163327885,9990.645621777052,12488.307027221315
2025-05-31,USD/PHP,490287.0386727779,56.505386485174725,7354.305580091668,9805.740773455558,12257.175966819448
2025-06-01,USD/PHP,528102.8179996504,55.89382624541594,7921.542269994756,10562.056359993008,13202.57044999126
2025-06-02,USD/PHP,523688.16155307146,55.90211211149636,7855.322423296072,10473.76323106143,13092.204038826787
2025-06-03,USD/PHP,480678.0583044098,56.20883217541382,7210.170874566146,9613.561166088197,12016.951457610245
2025-06-04,USD/PHP,510176.3071781134,56.13637829792526,7652.6446076717,10203.526143562267,12754.407679452836
2025-06-05,USD/PHP,475708.58163646783,56.36934146514721,7135.628724547018,9514.171632729356,11892.714540911697
2025-06-06,USD/PHP,465509.5458802767,56.11678563706519,6982.643188204151,9310.190917605534,11637.738647006918
2025-06-07,USD/PHP,484332.06938525086,55.92814158184259,7264.981040778763,9686.641387705018,12108.301734631272
2025-06-08,USD/PHP,521559.836809569,56.11813096613846,7823.397552143534,10431.19673619138,13038.995920239226
2025-06-09,USD/PHP,523828.1261344022,56.22174071611658,7857.421892016032,10476.562522688044,13095.703153360055
2025-06-10,USD/PHP,512827.1355024323,56.164096436239475,7692.407032536485,10256.542710048647,12820.678387560809
2025-06-11,USD/PHP,518127.3946711999,56.10145480622146,7771.910920067999,10362.547893423998,12953.184866779999
2025-06-12,USD/PHP,512904.45717787393,56.21333493791783,7693.566857668109,10258.08914355748,12822.61142944685
2025-06-13,USD/PHP,483962.9601194262,56.233859118089136,7259.444401791393,9679.259202388524,12099.074002985655
2025-06-14,USD/PHP,510798.0636168485,56.276431798207504,7661.970954252727,10215.96127233697,12769.951590421213
2025-06-15,USD/PHP,520010.23813069204,56.12974197751793,7800.153571960381,10400.204762613841,13000.255953267302
2025-06-16,USD/PHP,518857.28324533935,55.966576383936626,7782.85924868009,10377.145664906788,12971.432081133484
2025-06-17,USD/PHP,529722.8342868661,56.02934273728666,7945.842514302992,10594.456685737323,13243.070857171653
2025-06-18,USD/PHP,517707.5961800266,56.24130179330167,7765.613942700398,10354.151923600532,12942.689904500665
2025-06-19,USD/PHP,508786.2051885396,55.83661286580255,7631.793077828093,10175.724103770792,12719.65512971349
2025-06-20,USD/PHP,526753.7559579107,56.07373466177458,7901.30633936866,10535.075119158213,13168.843898947767
2025-06-21,USD/PHP,499336.9685187735,55.92133223753453,7490.054527781602,9986.73937037547,12483.424212969338
2025-06-22,USD/PHP,477953.1337193071,56.005748964586964,7169.297005789606,9559.062674386141,11948.828342982677
2025-06-23,USD/PHP,495923.3259014059,56.25569037252146,7438.849888521088,9918.466518028117,12398.083147535148
2025-06-24,USD/PHP,481377.4338798388,56.03821981360398,7220.6615081975815,9627.548677596777,12034.43584699597
2025-06-25,USD/PHP,483120.5431256405,56.00928730963123,7246.808146884607,9662.41086251281,12078.013578141014
2025-06-26,USD/PHP,496387.03323211207,55.72802877180401,7445.805498481681,9927.740664642242,12409.675830802802
2025-06-27,USD/PHP,480189.50197500095,56.14925071320545,7202.842529625014,9603.79003950002,12004.737549375024
2025-06-28,USD/PHP,492300.961759024,56.129096836228214,7384.51442638536,9846.01923518048,12307.524043975602
2025-06-29,USD/PHP,452659.63332615537,56.43265094466109,6789.89449989233,9053.192666523108,11316.490833153885
2025-06-30,USD/PHP,505332.3426843235,55.9384443530094,7579.985140264852,10106.64685368647,12633.308567108088
2025-07-01,USD/PHP,500030.1368840556,56.04383006553279,7500.452053260834,10000.602737681113,12500.753422101392
2025-07-02,USD/PHP,479572.7842232952,56.04987673674215,7193.591763349428,9591.455684465906,11989.319605582381
2025-07-03,USD/PHP,516481.14171081013,56.31549065595269,7747.217125662151,10329.622834216203,12912.028542770255
2025-07-04,USD/PHP,523439.253440664,55.98094089352261,7851.58880160996,10468.78506881328,13085.9813360166
2025-07-05,USD/PHP,459811.00339077564,56.05580430515407,6897.165050861634,9196.220067815513,11495.275084769391
2025-07-06,USD/PHP,480931.88053584466,56.12157930194331,7213.97820803767,9618.637610716893,12023.297013396117
2025-07-07,USD/PHP,480771.44125531754,56.03732182463127,7211.571618829763,9615.428825106352,12019.286031382939
2025-07-08,USD/PHP,476502.42247227835,55.9107132770899,7147.536337084175,9530.048449445567,11912.56056180696
2025-07-09,USD/PHP,520736.8710482937,56.03881799857966,7811.053065724405,10414.737420965874,13018.421776207344
2025-07-10,USD/PHP,495154.3465306799,56.214726349971954,7427.315197960198,9903.0869306136,12378.858663266998
2025-07-11,USD/PHP,493387.12896723475,55.79469694011779,7400.8069345085205,9867.742579344695,12334.678224180869
2025-07-12,USD/PHP,449903.44088983117,56.02659393482938,6748.5516133474675,8998.068817796624,11247.58602224578
2025-07-13,USD/PHP,515885.4507552307,55.859975837012165,7738.28176132846,10317.709015104614,12897.136268880768
2025-07-14,USD/PHP,469018.5401286632,56.23900932578497,7035.278101929947,9380.370802573263,11725.46350321658
2025-07-15,USD/PHP,501498.3157566582,55.695362619043244,7522.474736349873,10029.966315133164,12537.457893916457
2025-07-16,USD/PHP,506934.42344895477,55.88821563054568,7604.016351734321,10138.688468979095,12673.36058622387
2025-07-17,USD/PHP,534016.4648959662,56.075442375012905,8010.246973439494,10680.329297919325,13350.411622399157
2025-07-18,USD/PHP,467279.4900220222,56.31310480584687,7009.192350330333,9345.589800440444,11681.987250550555
2025-07-19,USD/PHP,424512.1961044794,55.9868499477854,6367.68294156719,8490.243922089587,10612.804902611984
2025-07-20,USD/PHP,504596.2386188424,55.88896009466136,7568.943579282635,10091.924772376848,12614.90596547106
2025-07-21,USD/PHP,545012.7795377714,56.37623141388812,8175.19169306657,10900.255590755427,13625.319488444286
2025-07-22,USD/PHP,530973.658823486,55.71039721991675,7964.604882352289,10619.473176469719,13274.34147058715
2025-07-23,USD/PHP,505241.48538186564,55.56023880867598,7578.622280727985,10104.829707637313,12631.037134546641
2025-07-24,USD/PHP,487709.0953591988,56.088002890010664,7315.636430387982,9754.181907183976,12192.72738397997
2025-07-25,USD/PHP,520178.0649159328,55.899589155129476,7802.670973738991,10403.561298318657,13004.45162289832
2025-07-26,USD/PHP,475661.34500738827,55.795753436573854,7134.920175110824,9513.226900147765,11891.533625184707
2025-07-27,USD/PHP,511908.94423390547,56.14167128945987,7678.634163508582,10238.17888467811,12797.723605847637
2025-07-28,USD/PHP,512636.7539791657,56.04876014275424,7689.551309687485,10252.735079583314,12815.918849479143
2025-07-29,USD/PHP,526505.247687472,55.887184273852654,7897.57871531208,10530.10495374944,13162.631192186802
2025-07-30,USD/PHP,568991.5009727769,55.74393912026582,8534.872514591654,11379.830019455538,14224.787524319423
2025-07-31,USD/PHP,509810.39917946915,56.174491465656025,7647.155987692037,10196.207983589384,12745.25997948673
2025-08-01,USD/PHP,487275.90935731254,56.130040235591736,7309.138640359688,9745.518187146252,12181.897733932814
2025-08-02,USD/PHP,499360.64219520014,55.980164827244124,7490.409632928002,9987.212843904003,12484.016054880005
2025-08-03,USD/PHP,455773.10237777204,56.36932739920953,6836.59653566658,9115.46204755544,11394.327559444302
2025-08-04,USD/PHP,482632.1717227735,55.78598304673477,7239.482575841603,9652.643434455471,12065.80429306934
2025-08-05,USD/PHP,489767.9390471724,55.69489496581505,7346.519085707585,9795.358780943448,12244.19847617931
2025-08-06,USD/PHP,486897.7900516352,55.86161838602375,7303.466850774527,9737.955801032704,12172.444751290881
2025-08-07,USD/PHP,503808.87180084304,55.9908827967289,7557.133077012645,10076.177436016862,12595.221795021076
2025-08-08,USD/PHP,479439.501690445,56.04866788986454,7191.592525356675,9588.7900338089,11985.987542261126
2025-08-09,USD/PHP,528025.7666831118,55.951752788428735,7920.386500246676,10560.515333662235,13200.644167077795
2025-08-10,USD/PHP,500005.17662295495,56.07041107930286,7500.077649344324,10000.1035324591,12500.129415573874
2025-08-11,USD/PHP,499767.4919715346,55.74969211516191,7496.512379573019,9995.349839430693,12494.187299288365
2025-08-12,USD/PHP,491802.6320871771,56.28875292081465,7377.0394813076555,9836.052641743541,12295.065802179428
2025-08-13,USD/PHP,503879.7670964745,55.98356976432149,7558.196506447117,10077.59534192949,12596.994177411863
2025-08-14,USD/PHP,520627.45661669085,56.223459166317625,7809.411849250362,10412.549132333817,13015.686415417273
2025-08-15,USD/PHP,478321.7446072275,56.068545069275544,7174.826169108413,9566.43489214455,11958.043615180688
2025-08-16,USD/PHP,483547.0877731186,56.09135064383076,7253.206316596778,9670.941755462372,12088.677194327965
2025-08-17,USD/PHP,492406.8492805834,56.11395345604644,7386.102739208751,9848.136985611667,12310.171232014585
2025-08-18,USD/PHP,466353.2269131696,56.08954171200347,6995.298403697544,9327.064538263392,11658.830672829241
2025-08-19,USD/PHP,479518.55350696255,56.12854455197351,7192.778302604438,9590.371070139252,11987.963837674064
2025-08-20,USD/PHP,488094.47816138354,56.26583050602649,7321.417172420753,9761.88956322767,12202.36195403459
2025-08-21,USD/PHP,521859.7295178182,56.03930423394029,7827.895942767273,10437.194590356365,13046.493237945455
2025-08-22,USD/PHP,506564.0332250481,56.1418007515177,7598.460498375721,10131.280664500962,12664.100830626203
2025-08-23,USD/PHP,504839.7477841886,55.982052861142556,7572.596216762829,10096.794955683772,12620.993694604716
2025-08-24,USD/PHP,521272.44905419933,56.2880234430899,7819.08673581299,10425.448981083986,13031.811226354985
2025-08-25,USD/PHP,496565.7052900151,55.864721539588146,7448.485579350226,9931.314105800302,12414.142632250378
2025-08-26,USD/PHP,509761.62124822225,56.36018808658216,7646.424318723333,10195.232424964444,12744.040531205557
2025-08-27,USD/PHP,497419.4561766876,55.991968409871134,7461.291842650314,9948.389123533752,12435.486404417192
2025-08-28,USD/PHP,506634.0587349907,55.71384497957639,7599.51088102486,10132.681174699814,12665.851468374769
2025-08-29,USD/PHP,485431.0335597104,56.02562088298216,7281.465503395656,9708.620671194209,12135.775838992762
2025-08-30,USD/PHP,439029.57104308927,55.86378966850502,6585.443565646338,8780.591420861785,10975.739276077233
2025-08-31,USD/PHP,496643.0209453424,56.16812870979774,7449.645314180136,9932.860418906848,12416.07552363356
2025-09-01,USD/PHP,535568.7034024985,55.86947520413952,8033.530551037477,10711.37406804997,13389.217585062463
2025-09-02,USD/PHP,523155.3850560398,55.910763313357045,7847.330775840596,10463.107701120796,13078.884626400995
2025-09-03,USD/PHP,524134.93711477926,55.62209185381089,7862.024056721689,10482.698742295584,13103.373427869483
2025-09-04,USD/PHP,530903.2680451554,55.90953873615018,7963.549020677331,10618.065360903109,13272.581701128887
2025-09-05,USD/PHP,502216.43977403594,55.515224134674206,7533.246596610539,10044.328795480718,12555.4109943509
2025-09-06,USD/PHP,504932.8926851399,55.68321943530285,7573.993390277098,10098.657853702798,12623.322317128499
2025-09-07,USD/PHP,484558.7026141412,56.15208293122886,7268.3805392121185,9691.174052282824,12113.96756535353
2025-09-08,USD/PHP,492098.1785993237,56.157160031730164,7381.472678989856,9841.963571986475,12302.454464983093
2025-09-09,USD/PHP,515394.27874427853,56.085091512356996,7730.9141811641775,10307.885574885571,12884.856968606964
2025-09-10,USD/PHP,530097.1109292204,55.806604771374154,7951.4566639383065,10601.942218584409,13252.427773230513
2025-09-11,USD/PHP,496513.84310797503,55.9904577287716,7447.707646619625,9930.2768621595,12412.846077699376
2025-09-12,USD/PHP,488745.2683787147,55.999279492181884,7331.17902568072,9774.905367574294,12218.631709467867
2025-09-13,USD/PHP,500013.19897141494,55.76832706216149,7500.197984571224,10000.263979428299,12500.329974285374
2025-09-14,USD/PHP,515030.16872322786,56.30067966035343,7725.452530848418,10300.603374464557,12875.754218080698
2025-09-15,USD/PHP,463903.6295966614,56.17547245811513,6958.554443949921,9278.072591933229,11597.590739916537
2025-09-16,USD/PHP,442595.476171569,55.95580716523407,6638.932142573535,8851.90952343138,11064.886904289226
2025-09-17,USD/PHP,486236.5787627104,56.005377167798905,7293.548681440656,9724.731575254207,12155.91446906776
2025-09-18,USD/PHP,469482.18935214606,56.04167656158951,7042.23284028219,9389.643787042922,11737.054733803652
2025-09-19,USD/PHP,487296.4950588172,55.59165302631514,7309.447425882257,9745.929901176345,12182.41237647043
2025-09-20,USD/PHP,496305.49202956323,55.95056452349588,7444.5823804434485,9926.109840591265,12407.637300739081
2025-09-21,USD/PHP,488668.7897744247,55.863603150400444,7330.03184661637,9773.375795488493,12216.719744360618
2025-09-22,USD/PHP,536311.6883617686,55.799675998021016,8044.675325426529,10726.233767235373,13407.792209044215
2025-09-23,USD/PHP,508168.619115058,55.94377994142281,7622.5292867258695,10163.37238230116,12704.21547787645
2025-09-24,USD/PHP,507511.8589902707,56.359537305369905,7612.67788485406,10150.237179805414,12687.796474756768
2025-09-25,USD/PHP,515555.17860108503,56.1281685722534,7733.327679016275,10311.1035720217,12888.879465027127
2025-09-26,USD/PHP,471529.17205548077,55.88576420204344,7072.937580832211,9430.583441109615,11788.22930138702
2025-09-27,USD/PHP,525977.7946855067,56.114516556271234,7889.666920282601,10519.555893710134,13149.444867137669
2025-09-28,USD/PHP,498105.8928366135,56.2798710873172,7471.588392549203,9962.117856732271,12452.64732091534
2025-09-29,USD/PHP,516762.0154310303,56.184926736582554,7751.430231465454,10335.240308620607,12919.050385775758
2025-09-30,USD/PHP,473203.5691739961,56.011926073984036,7098.0535376099415,9464.071383479923,11830.089229349904
2025-10-01,USD/PHP,461156.0308495984,55.87061264445889,6917.340462743976,9223.120616991968,11528.900771239962
2025-10-02,USD/PHP,520447.2414506257,56.139644662722716,7806.708621759385,10408.944829012515,13011.181036265643
2025-10-03,USD/PHP,509410.2381524379,56.07869707708435,7641.153572286568,10188.204763048758,12735.255953810949
2025-10-04,USD/PHP,477448.71114106226,56.179038644005544,7161.730667115934,9548.974222821245,11936.217778526558
2025-10-05,USD/PHP,478258.42296813265,56.127034360336395,7173.876344521989,9565.168459362654,11956.460574203316
2025-10-06,USD/PHP,528135.8696103692,56.20991054306387,7922.038044155538,10562.717392207383,13203.396740259232
2025-10-07,USD/PHP,470264.7026783168,55.89295295768789,7053.9705401747515,9405.294053566337,11756.61756695792
2025-10-08,USD/PHP,541066.8238313991,56.263478813126866,8116.002357470986,10821.336476627983,13526.670595784977
2025-10-09,USD/PHP,477484.4816338033,56.03951992093848,7162.267224507049,9549.689632676065,11937.112040845082
2025-10-10,USD/PHP,515959.7981402096,56.41505217452505,7739.3969721031435,10319.195962804191,12898.99495350524
2025-10-11,USD/PHP,491784.5381062754,55.862162436382086,7376.768071594131,9835.690762125507,12294.613452656886
2025-10-12,USD/PHP,515079.6857770586,56.34719276063305,7726.195286655879,10301.593715541172,12876.992144426466
2025-10-13,USD/PHP,486397.1499471452,56.03958215669253,7295.9572492071775,9727.942998942905,12159.92874867863
2025-10-14,USD/PHP,495930.17734819266,55.86971639927711,7438.95266022289,9918.603546963854,12398.254433704817
2025-10-15,USD/PHP,501022.979384893,55.90322283318913,7515.344690773395,10020.45958769786,12525.574484622326
2025-10-16,USD/PHP,474945.3136054632,55.935930538361134,7124.179704081947,9498.906272109263,11873.63284013658
2025-10-17,USD/PHP,518520.60863550316,56.08483318928038,7777.809129532547,10370.412172710063,12963.015215887579
2025-10-18,USD/PHP,487169.6608382104,56.1045670976071,7307.544912573156,9743.393216764207,12179.24152095526
2025-10-19,USD/PHP,494285.0021164995,55.88525999921229,7414.275031747493,9885.70004232999,12357.125052912488
2025-10-20,USD/PHP,475141.2656347872,55.9951290815478,7127.118984521808,9502.825312695744,11878.531640869682
2025-10-21,USD/PHP,435941.65853011725,56.42845407172237,6539.124877951758,8718.833170602345,10898.541463252932
2025-10-22,USD/PHP,495224.30593499576,56.34550863402014,7428.364589024936,9904.486118699915,12380.607648374895
2025-10-23,USD/PHP,560315.3855403229,56.08726473393481,8404.730783104842,11206.307710806457,14007.884638508072
2025-10-24,USD/PHP,519615.1071974506,56.00760069563364,7794.226607961758,10392.302143949011,12990.377679936266
2025-10-25,USD/PHP,499518.4905066401,56.02400626534365,7492.777357599602,9990.369810132803,12487.962262666004
2025-10-26,USD/PHP,493427.7292697933,56.12270359454608,7401.415939046899,9868.554585395867,12335.693231744834
2025-10-27,USD/PHP,500561.64732030116,55.79544148696032,7508.424709804517,10011.232946406024,12514.04118300753
2025-10-28,USD/PHP,513677.9778793802,55.94852469251533,7705.169668190703,10273.559557587605,12841.949446984507
2025-10-29,USD/PHP,470479.67961727886,55.66628318522448,7057.195194259182,9409.593592345578,11761.991990431972
2025-10-30,USD/PHP,527858.0423667218,56.07984462452106,7917.870635500826,10557.160847334437,13196.451059168045
2025-10-31,USD/PHP,517884.5328860311,56.12943918794055,7768.267993290466,10357.690657720623,12947.113322150777
2025-11-01,USD/PHP,517954.64314269833,55.903362707540126,7769.319647140474,10359.092862853968,12948.866078567458
2025-11-02,USD/PHP,510961.8934702432,56.314797352658005,7664.428402053648,10219.237869404864,12774.04733675608
2025-11-03,USD/PHP,500490.4164423497,55.75484686739953,7507.356246635246,10009.808328846995,12512.260411058744
2025-11-04,USD/PHP,516821.5308991705,55.707125023958035,7752.322963487557,10336.43061798341,12920.538272479263
2025-11-05,USD/PHP,514795.35334353446,56.04489036371199,7721.930300153017,10295.90706687069,12869.883833588363
2025-11-06,USD/PHP,491148.9822264744,56.20941966052243,7367.234733397116,9822.979644529489,12278.72455566186
2025-11-07,USD/PHP,485659.95567757747,56.33678553829157,7284.899335163662,9713.199113551549,12141.498891939438
2025-11-08,USD/PHP,502546.40738154965,55.90822314742621,7538.196110723245,10050.928147630993,12563.660184538741
2025-11-09,USD/PHP,538725.5037873797,56.215736166686256,8080.882556810695,10774.510075747594,13468.137594684493
2025-11-10,USD/PHP,469022.3231086525,55.99229830609986,7035.3348466297875,9380.44646217305,11725.558077716312
2025-11-11,USD/PHP,463311.868356189,55.96547454001183,6949.678025342834,9266.23736712378,11582.796708904725
2025-11-12,USD/PHP,504119.02103091293,56.176731987497334,7561.785315463694,10082.38042061826,12602.975525772825
2025-11-13,USD/PHP,501272.1925464005,56.13046457568269,7519.082888196007,10025.44385092801,12531.804813660012
2025-11-14,USD/PHP,504333.5416092602,55.68472156860315,7565.003124138902,10086.670832185204,12608.338540231505
2025-11-15,USD/PHP,506098.8299477125,56.29530806994518,7591.482449215687,10121.97659895425,12652.470748692813
2025-11-16,USD/PHP,494419.9436341299,56.27601827082949,7416.299154511948,9888.398872682597,12360.498590853247
2025-11-17,USD/PHP,537246.585965052,55.874887459698094,8058.69878947578,10744.931719301041,13431.164649126302
2025-11-18,USD/PHP,459977.4005380871,56.07916070668748,6899.661008071306,9199.548010761742,11499.43501345218
2025-11-19,USD/PHP,479287.57438049384,56.098806037256544,7189.313615707408,9585.751487609878,11982.189359512347
2025-11-20,USD/PHP,497418.63099627383,56.05213475316478,7461.2794649441075,9948.372619925476,12435.465774906846
2025-11-21,USD/PHP,458920.2797211458,55.88993896923092,6883.804195817187,9178.405594422917,11473.006993028646
2025-11-22,USD/PHP,495603.63988919824,55.865675326412386,7434.054598337973,9912.072797783965,12390.090997229956
2025-11-23,USD/PHP,541536.7541432005,55.99488918580171,8123.051312148007,10830.73508286401,13538.418853580013
2025-11-24,USD/PHP,500522.16220739903,56.23454580385187,7507.832433110985,10010.44324414798,12513.054055184977
2025-11-25,USD/PHP,505767.52264296706,56.10872003091889,7586.512839644505,10115.350452859342,12644.188066074177
2025-11-26,USD/PHP,468495.8808706855,55.92587713358278,7027.438213060283,9369.91761741371,11712.397021767138
2025-11-27,USD/PHP,484590.96479901305,56.15433974212967,7268.864471985195,9691.819295980262,12114.774119975327
2025-11-28,USD/PHP,490620.09049190156,55.430291475873986,7359.301357378523,9812.401809838031,12265.50226229754
2025-11-29,USD/PHP,492057.12258109415,56.22975314007442,7380.856838716412,9841.142451621883,12301.428064527354
2025-11-30,USD/PHP,532041.0948750942,55.65205724424438,7980.616423126414,10640.821897501884,13301.027371877357
2025-12-01,USD/PHP,513942.2765181281,55.92751181171938,7709.134147771922,10278.845530362563,12848.556912953203
2025-12-02,USD/PHP,472213.5510765742,55.77606602107477,7083.203266148613,9444.271021531484,11805.338776914356
2025-12-03,USD/PHP,506162.61946080014,55.74106370485582,7592.439291912002,10123.252389216002,12654.065486520005
2025-12-04,USD/PHP,512455.54371241963,56.2321653574757,7686.833155686294,10249.110874248392,12811.388592810492
2025-12-05,USD/PHP,528503.7259630316,55.90645975973762,7927.555889445474,10570.074519260634,13212.593149075792
2025-12-06,USD/PHP,539513.5171642094,56.06930077634615,8092.70275746314,10790.270343284188,13487.837929105235
2025-12-07,USD/PHP,474622.64520430326,55.99061588422416,7119.339678064549,9492.452904086065,11865.566130107582
2025-12-08,USD/PHP,479728.5622197415,56.095408165444624,7195.928433296122,9594.57124439483,11993.21405549354
2025-12-09,USD/PHP,468560.5535271346,56.01536437821205,7028.408302907019,9371.211070542691,11714.013838178365
2025-12-10,USD/PHP,494149.5035223255,55.743401555162286,7412.242552834882,9882.990070446509,12353.737588058138
2025-12-11,USD/PHP,511658.95936115837,56.199253363889426,7674.8843904173755,10233.179187223168,12791.47398402896
2025-12-12,USD/PHP,524683.3629147275,55.90124868336774,7870.250443720913,10493.66725829455,13117.084072868189
2025-12-13,USD/PHP,498101.2244089369,55.68868362026805,7471.518366134053,9962.024488178738,12452.530610223424
2025-12-14,USD/PHP,492003.8119186289,55.91437696780682,7380.057178779433,9840.07623837258,12300.095297965723
2025-12-15,USD/PHP,503793.9498062185,56.30015195812686,7556.909247093277,10075.878996124371,12594.848745155463
2025-12-16,USD/PHP,479121.42745924945,56.1700443484227,7186.821411888742,9582.42854918499,11978.035686481237
2025-12-17,USD/PHP,552238.4680423693,55.93026957311843,8283.57702063554,11044.769360847387,13805.961701059234
2025-12-18,USD/PHP,459808.47432204854,55.93014845913631,6897.127114830728,9196.169486440971,11495.211858051214
2025-12-19,USD/PHP,504618.5144723931,55.935672989756526,7569.277717085896,10092.370289447861,12615.462861809829
2025-12-20,USD/PHP,550590.1554807409,56.41534959671217,8258.852332211114,11011.803109614819,13764.753887018524
2025-12-21,USD/PHP,500169.9961139999,56.07638709044631,7502.549941709998,10003.39992228,12504.249902849999
2025-12-22,USD/PHP,495249.0241249626,56.086008329438215,7428.735361874439,9904.980482499253,12381.225603124067
2025-12-23,USD/PHP,491063.8644297393,56.20605669080637,7365.957966446089,9821.277288594787,12276.596610743483
2025-12-24,USD/PHP,495490.2079559398,56.047757831805306,7432.353119339097,9909.804159118796,12387.255198898496
2025-12-25,USD/PHP,534321.2118669132,55.94819157083586,8014.818178003698,10686.424237338266,13358.030296672832
2025-12-26,USD/PHP,444703.45221676235,55.960730030183,6670.551783251435,8894.069044335247,11117.58630541906
2025-12-27,USD/PHP,538335.8425324082,55.985679748117185,8075.037637986123,10766.716850648165,13458.396063310205
2025-12-28,USD/PHP,464401.07118874637,55.99255555269803,6966.016067831195,9288.021423774928,11610.02677971866
2025-12-29,USD/PHP,493333.6917691396,56.14552590872739,7400.005376537094,9866.673835382793,12333.34229422849
2025-12-30,USD/PHP,489268.88949253346,56.01038917716146,7339.033342388002,9785.377789850669,12231.722237313337
2025-12-31,USD/PHP,514713.831744268,56.14652801544312,7720.70747616402,10294.27663488536,12867.8457936067
